pmid,title,abstract,pub_year,journal,toxicant,organs,health_effects,products,ingredients,inference
41802561,"Integrating target, nontarget analysis with machine learning to illuminate PFAS characteristics and health risks in Chinese cosmetics.","Per- and polyfluoroalkyl substances (PFAS) are extensively incorporated into cosmetics to enhance durability and water resistance. However, their pervasive application in cosmetic products has raised concerns regarding the potential health risks associated with dermal exposure of PFAS. To date, studies focusing on Chinese market cosmetics have primarily relied on target analysis of a limited array of common PFAS, which may lead to an underestimation of actual exposure risks. In this study, an integrated strategy, combining target analysis, nontarget screening, and machine learning modeling, was employed to evaluate PFAS concentrations and associated human health risks in 31 cosmetic products spanning 16 diverse product categories. Target analysis quantified 10 PFAS in 20 cosmetics, with total concentrations ranging from 0.189 to 143 ng/g. Nontarget screening identified 15 PFAS in 30 cosmetics, with total concentrations spanning from 4.72 to 263 ng/g. Notably, products marketed as ""waterproof"", ""sweatproof"", or ""long-lasting"" exhibited a higher propensity for PFAS presence. Subsequent risk assessment revealed that PFAS concentrations in two products (i.e., a lotion and a sunscreen) exceeded the acceptable daily intake dose, indicating potential health risks associated with dermal PFAS exposure. Collectively, these findings offer a comprehensive elucidation of PFAS concentrations and associated health risks in Chinese cosmetics, and establish a scientific foundation for forthcoming regulatory frameworks concerning PFAS application in cosmetic products.",2026,"Environmental pollution (Barking, Essex : 1987)",pfas,skin,unspecified,sunscreen | foundation,unspecified,cosmetics product study | sunscreen/UV filter study | skin/topical study
41691662,Impact of Major Contaminants of Emerging Concern (CECs) on Soil and Associated Health Issues.,"Land directly affects people's health and well-being. Soil is essential for social and economic growth. It is impossible to overstate the urgency of conserving soil, as it is crucial for fostering the development of an ecological civilization and maintaining household stability. A new significant threat to soil health and fertility has emerged in the form of contaminants of emerging concern (CECs). Unlike other pollutants, these CECs (e.g., pharmaceuticals, cosmetics, PFAS, and microplastics) are resistant to microbial degradation; therefore, they persist in soil and can enter the food chain or pollute groundwater supplies. Several researchers worldwide have shown that CECs destroy soil microflora, impair ecological balance, and reduce soil fertility and agricultural productivity. Recent experimental studies have confirmed their presence in cell culture and experimental animal models at concentrations ranging from nanomolar (nM) to millimolar (mM) levels. The unrestricted use of these CECs has resulted in their bioaccumulation at higher levels in the food chain, ultimately reaching human beings. Despite their hazardous nature, no definite environmental laws or FDA regulations exist, adding fuel to the fire. Therefore, we aim to highlight the environmental implications of these CECs and the steps needed to prevent them from transforming into an environmental catastrophe. This review focuses on five key CECs, including nanoparticles, cosmetic additives (phthalates and biphenyls), flame retardants, and microplastics, along with their environmental implications.",2026,"Recent advances in food, nutrition & agriculture",pfas,unspecified,reproductive toxicity,unspecified,unspecified,cosmetics product study | environmental contamination
41687849,Diet and everyday product use and serum per- and polyfluoroalkyl substances levels in the Korean population: Findings from the Korean national environmental health survey.,"Per- and polyfluoroalkyl substances (PFASs) are persistent synthetic chemicals widely used in consumer and industrial products and lead to ubiquitous human exposure and adverse health effects. However, how various exposure sources contribute relatively to the human PFAS burden remains unclear. The primary exposure sources contributing to serum PFAS concentrations, specifically dietary intake and everyday product use, were examined in a nationally representative sample using Korean National Environmental Health Survey Cycle 4 (2018-2020) data, including 2990 adults and 778 secondary school students. Information on exposure sources was collected through questionnaires, and serum concentrations of perfluorohexanesulfonic (PFHxS), perfluorooctanesulfonic, perfluorooctanoic, perfluorononanoic, and perfluorodecanoic acids were measured. Exposure patterns were identified using sparse reduced-rank regression. In the first pattern, diet, particularly seafood consumption, and food contact material (FCM) use were identified as significant contributors to overall PFAS levels in adults. In the second, PFHxS showed distinct exposure characterized by a greater contribution from processed food and non-dietary sources, such as fast food, disposable paper cups, plastic containers for storing hot food, body wash, and household cleaners, compared to other PFAS compounds. Exposure patterns varied by age. The dominant exposure sources for older and younger adults were seafood and FCMs, respectively. Sex-stratified analyses revealed that bodywash was a primary exposure source in men, whereas cosmetic use was a major source in women, particularly for PFHxS. Students showed patterns similar to those of adults over 40, likely reflecting household lifestyles. These findings highlight exposure-related patterns that may inform future research aimed at reducing PFAS exposure.",2026,Environmental research,pfas,blood,unspecified,body wash,unspecified,cosmetics product study | epidemiological study | biomonitoring study | industrial/occupational | food/dietary exposure
41556406,"Overcoming Field-Amplification Decay: A Counterflow Electroextraction Strategy for Direct, Fast, and Exhaustive Enrichment of Per- and Polyfluoroalkyl Acids from Cosmetic Matrices.","Per- and polyfluoroalkyl acids (PFAAs) in cosmetics pose significant human health risks. However, analytical methods for their monitoring remain scarce due to matrix interference, as the direct, fast, and exhaustive enrichment of trace targets from complex semisolid and solid cosmetic matrices is rather challenging. To address this gap, we developed a novel counterflow-sustained field amplification nonaqueous miscible liquid-liquid electroextraction (CSFA-NMLEE) technique. The CSFA strategy dynamically sustains a strong electric field in the sample donor phase via counterflow electrolyte replenishment, overcoming intrinsic time-dependent field decay in conventional techniques. This mechanism effectively disrupts analyte-matrix interactions, releasing PFAAs from semisolid and solid matrices, while simultaneously expelling comigrating interferents and compressing the enriched analyte zone. This integrates exhaustive electroextraction, efficient cleanup, and enrichment within a single 8 min step. Coupled with LC-MS/MS, the method enables rapid analysis of 20 PFAAs, requiring minimal sample (20 mg) and a low-cost device, while achieving high accuracy (88.5-104.6%), precision (RSD < 9.4%), and low detection limits (0.025-0.6 μg·kg<sup>-1</sup>) across diverse cosmetic matrices. Crucially, it facilitated the first investigation of PFAA migration from packaging materials into cosmetic products, revealing significant transfer of perfluorobutanesulfonate (0.6-14.17 μg·kg<sup>-1</sup>) and perfluorobutyric acid (0.15-1.39 μg·kg<sup>-1</sup>) from the majority of tested materials. These findings identify packaging as a previously unrecognized exposure source, and the overall work provides a critical and robust tool for exposure assessment against this emerging contamination pathway.",2026,Analytical chemistry,pfas,unspecified,unspecified,unspecified,unspecified,cosmetics product study | analytical/method study
41257473,Evaluation of Three Sample Preparation Methods for LC-HRMS Suspect Screening of Contaminants of Emerging Concern in Effluent Wastewater.,"Suspect screening is a valuable tool for studying the pollution footprint of environmental samples, but the sample preparation (SP) method significantly affects the results. In this study, three SP methods─lyophilization, direct injection, and online solid-phase extraction (SPE)─were evaluated for suspect screening of contaminants of emerging concern (CECs) in effluent wastewater using liquid chromatography-high resolution mass spectrometry (LC-HRMS). LC-HRMS was performed with a Q-ToF mass analyzer in both positive and negative electrospray ionization modes, and pollutants were identified using the NORMAN SusDat database. A total of 119 CECs were identified with high confidence (all above level 2a). Of these, 115 were detected using lyophilization, 37 with direct injection, and 49 with online SPE. Principal component analysis revealed distinct patterns for each SP method. In all cases, the pollution profile was dominated by pharmaceuticals, followed by industrial chemicals. Articaine, a local anesthetic previously unreported in the aquatic environment, was the most abundant compound found. Industrial chemicals included phthalates, flame retardants, benzotriazoles, and perfluoroalkyl substances, among others. The remaining identified CECs were personal care products, pesticides, and drugs of abuse. Compound prioritization, based on abundance, persistence, mobility, bioaccumulation potential, and toxicity, identified the antibiotics clindamycin and tiamulin, the analgesic flufenamic acid, the musk fragrance metabolite galaxolidone, and the antidepressant venlafaxine metabolite, O-desmethyl venlafaxine, as top priority. These results highlight the importance of applying an appropriate SP method to obtain a comprehensive CEC footprint in suspect screening analysis and demonstrate the suitability of lyophilization for wastewater characterization.",2025,Analytical chemistry,pfas,unspecified,unspecified,unspecified,unspecified,cosmetics product study | industrial/occupational | environmental contamination | analytical/method study
41192173,"Shining a light on hidden PFAS: Development of a UV-reducible organic fluorine assay for the rapid screening of PFAS in AFFF, water, soils, and commercial products.","Per- and polyfluoroalkyl substances (PFAS) continue to pollute the environment, creating demand for efficient analytical methods for their characterization and quantification. To address this, we modified a UV light-activated remediation technology (UV-activated sulfite/iodide) to completely mineralize PFAS, enabling the analytical determination of reducible organic fluorine (ROF). This UV-ROF assay was then adapted for integration with the UV-H<sub>2</sub>O<sub>2</sub>-TOP assay, creating a tandem UV-H<sub>2</sub>O<sub>2</sub>-TOP-ROF assay. This streamlined approach more comprehensively characterizes PFAS and organic fluorine concentrations, employing liquid chromatography tandem mass spectrometry (LC-MS/MS) for post-oxidation PFAS analysis and a fluoride-ion selective electrode for post-reduction fluoride measurement. Importantly, free fluoride concentrations measured after the ROF assay were found to align closely with PFAS concentrations quantified post-TOP assay, validating the method's accuracy. We applied this tandem assay to diverse samples, including aqueous film-forming foam (AFFF), ion exchange resin regenerant still bottoms, and commercial products like textiles and cosmetics. High-resolution mass spectrometry and an expanded analytical suite enabled the detection of ultra-short-chain perfluoroalkyl carboxylates (PFCAs) and fluorotelomer compounds such as 5:3/5:1:2 fluorotelomer betaine and 6:2 fluorotelomer sulfonamido betaine. Finally, we developed an analytical decision-making framework to guide future applications of this method for complex PFAS-impacted samples. The work presented herein provides researchers with an inexpensive screening level analytical methodology capable of measuring the reducible PFAS concentration in a sample without the need to use LC-MS/MS measurements. This developed method will benefit researchers requiring rapid, on-site screening of materials suspected of containing high concentrations of PFAS, such as AFFFs, cosmetic products, textiles, AFFF, ion exchange resin regenerant still bottoms, or source-zone soils.",2025,Journal of hazardous materials,pfas,unspecified,unspecified,unspecified,unspecified,cosmetics product study | analytical/method study
41180360,"Gender, self-care and toxic exposures: a narrative review of personal care product use and health equity implications.","Personal care products (PCPs) are widely used across populations, yet their composition includes a range of hazardous chemicals that pose risks to human health and the environment. Emerging evidence highlights how PCP-related exposures are not evenly distributed, but shaped by intersecting forces of gender, race and social inequality. Despite being framed as tools for empowerment and wellness, PCPs may contribute to disproportionate toxic exposures, particularly for women and girls. This narrative review critically examines the environmental health implications of gendered self-care practices through the lens of PCP use. It synthesises current evidence on chemical exposures, identifies high-risk subgroups, explores mechanisms of harm and outlines implications for regulation, clinical practice and environmental health literacy. Drawing on interdisciplinary peer-reviewed literature published between 2000 and 2025, the review focuses on endocrine-disrupting chemicals, perfluoroalkyl and polyfluoroalkyl substances, volatile organic compounds, heavy metals and microparticles and nanoparticles commonly found in PCPs. Particular attention is given to vulnerable populations, including beauty salon workers, pregnant individuals, adolescents, women of colour and infants. PCP use results in chronic low-level exposure to multiple hazardous compounds via dermal, inhalation and mucosal routes. These exposures have been linked to adverse reproductive, developmental and metabolic outcomes, increasing the risks of non-communicable diseases like cancer and obesity and possibly affecting infertility rates. Early evidence shows that interventions such as product substitution can yield rapid reductions in internal toxicant levels. However, individual behaviour change alone is insufficient to address systemic disparities in exposure risk. Self-care must be reframed as a public health and environmental justice issue. Stronger regulatory oversight, clinician education and population-level environmental health literacy are urgently needed to reduce harmful exposures. Equitable self-care should prioritise not only personal choice, but also structural accountability and collective safety.",2025,BMJ public health,pfas,skin,reproductive toxicity | carcinogenicity,unspecified,unspecified,cosmetics product study | industrial/occupational
40712154,The Power of Strategic Social Media Influencer Communication to Improve Black Women's Knowledge and Awareness of Environmental Endocrine-Disrupting Chemicals: Surveys of Instagram Users.,"Black women are disproportionately affected by hormone-related health conditions, which may result from higher exposures to endocrine-disrupting chemicals (EDCs) in consumer products. EDCs are chemicals that interfere with the body's natural hormones. The Product Options in Women-Engaged Research project was developed to educate Black women about EDCs. We assessed the impact of strategic social media influencer (SMI) communication on knowledge and awareness of EDCs and intentions to change product-use behaviors. We recruited 7 SMIs to engage with their audiences about EDC-related information on Instagram. The SMIs attended a workshop to learn about EDCs in consumer products and then created Instagram content to share with their audiences. We surveyed SMIs at baseline and 1 month after they shared EDC-related content. SMI audiences were surveyed cross-sectionally before and after the SMIs posted EDC-related social media content. We evaluated social media engagement and analyzed the impact of these communications on SMIs and their audience. The social media posts reached over 16,000 accounts and elicited over 28,000 engagements (eg, views, likes, and shares). SMIs' EDC knowledge and awareness increased after attending the workshop and sharing newly created content, and the SMIs had greater intentions to avoid EDCs at follow-up than at baseline. Engagement with the social media content about EDCs also led to positive outcomes among SMI audiences and particularly impacted intentions to engage in exposure reduction behaviors. In total, 80% of follow-up survey respondents reported that, in the future, they will always consider a company's chemical policy (n=68) and product ingredients when shopping (n=73) compared to 26.8% (n=63) and 46.9% (n=115), respectively, of baseline survey respondents who already reported doing so (P<.001). More follow-up respondents than baseline respondents self-reported an intention to avoid parabens (n=33, 32.7% vs n=39, 15.3%; P<.001), bisphenol A (n=25, 24.8% vs n=38, 14.9%; P=.03), per- and polyfluoroalkyl substances (n=17, 16.8% vs n=9, 3.5%; P<.001), and fragrance (n=6, 5.9% vs n=5, 2.0%; P=.08). Our findings demonstrate that strategic SMI partnerships incorporating a culturally tailored training program can be used to reach large audiences of Black women, improve knowledge about EDCs, and promote intentions to change behaviors to reduce exposures to EDCs.",2025,Journal of medical Internet research,pfas,eye,unspecified,unspecified,unspecified,epidemiological study
40585096,Project CLEAR (ChemicaL Exposure and Awareness Research): A protocol for assessing the availability and chemical composition of skin-lightening products in Northern Manhattan.,"Skin lightening products (SLPs) are widely used in communities of color and often contain toxic chemicals such as mercury and hydroquinone, posing serious health risks. Despite regulations, these products remain accessible through illegal sales and deceptive labeling. Targeted marketing in marginalized areas raises environmental justice and public health equity concerns. This study employs a novel spatial sampling approach to audit retail stores in Northern Manhattan, assessing the availability of SLPs in relation to neighborhood context. Products will be screened for harmful substances-including per- and polyfluoroalkyl substances (PFAS), parabens, and heavy metals-with results compared to ingredient labels. Conducted in Northern Manhattan, New York City, this study focuses on neighborhoods with high proportions of Black and Latinx residents. Phase 1 involves a structured audit of 50 retail stores, including beauty supply shops and ethno-cultural retailers. Store selection is guided by spatial sampling and demographic data. Trained research assistants collect detailed information on store environments and individual SLPs. In Phase 2, 20 products will be purchased for laboratory analysis using advanced targeted and non-targeted methods. Analyses will include descriptive statistics, GIS mapping, and comparisons across neighborhoods. We expect beauty supply stores to carry a greater variety and volume of SLPs than ethno-cultural retailers, such as African markets, which are anticipated to sell mostly imported products. Chemical testing is expected to show that a substantial portion of SLPs contain hazardous chemicals, including some not disclosed on product labels. Project CLEAR combines spatial methods and laboratory science to map SLP availability and assess chemical risks in Northern Manhattan. By linking store-level data with neighborhood demographics, the study highlights structural inequities and environmental racism. Findings will support future research, inform policy and regulatory efforts, and strengthen community advocacy for safer, transparent skincare products.",2025,medRxiv : the preprint server for health sciences,pfas,skin,unspecified,unspecified,unspecified,unclassified
40411586,Evaluation of extraction methodologies for PFAS analysis in mascara: a comparative study of SPME and automated µSPE.,"Research efforts have primarily focused on identifying per- and polyfluoroalkyl substances (PFAS) in common environmental media like water, air, soil, and biological samples. However, there is limited research on PFAS detection in complex samples such as personal care products, including cosmetics. PFAS are used in cosmetics for emulsification, surfactant action, and stabilization, and have been detected in products such as foundation, powders, and nail polish. The complexity of cosmetic formulations, with various additives, makes the analysis of these samples extremely challenging. This study aimed to explore and develop convenient extraction methods to accurately quantify eight anionic PFAS in mascara products. Solid-phase microextraction (SPME) and automated micro solid-phase extraction (µSPE) were evaluated, and quantification was performed using liquid chromatography-tandem mass spectrometry (LC-MS/MS). Six mascara products, including waterproof and non-waterproof types, were analyzed, optimizing methanol-water mixtures as dispersive media to maximize PFAS recovery. Elution solution composition, volume, and dispensing speed were optimized for the µSPE method to ensure quantitative elution of the PFAS from the extraction phase. For the SPME method, the extraction time was optimized to account for the varying diffusion behavior of PFAS in the mixed-phase medium. Both extraction methods were evaluated in terms of greenness and practicality, with SPME achieving the best overall scores. Method validation demonstrated good linearity (0.025 to 25 ng/g) for both protocols, with µSPE providing lower limits of quantification (LOQ) for the most hydrophobic PFAS. 6:2 diPAP was quantified in real samples at concentrations ranging from 1.26 to 3.48 ng/g in 4 of the 9 mascaras tested.",2026,Analytical and bioanalytical chemistry,pfas,unspecified,unspecified,foundation | nail polish | eye product,unspecified,cosmetics product study | nail product study | analytical/method study
39476594,Personal care product use and per- and polyfluoroalkyl substances in pregnant and lactating people in the Maternal-Infant Research on Environmental Chemicals study.,"Per- and polyfluoroalkyl substances (PFAS) are ubiquitous chemicals routinely detected in personal care products (PCPs). However, few studies have evaluated the impact of PCP use on PFAS concentrations in pregnant and lactating populations. We investigated associations between PCP use and PFAS concentrations in prenatal plasma and human milk. We leveraged the Maternal-Infant Research on Environmental Chemicals (MIREC) Study to evaluate the contribution of PCP use on PFAS concentrations in prenatal plasma (6 to 13 weeks' gestation; n = 1,940) and human-milk (2 to 10 weeks' postpartum; n = 664). Participants reported frequency of use across 8 PCP categories during the 1st and 3rd trimesters, 1 to 2 days postpartum, and 2 to 10 weeks' postpartum. We used adjusted linear regression models to quantify percent differences and corresponding 95 % confidence intervals. In 1st trimester pregnant people, we found higher use of nailcare products (≥once a week vs. never: perfluorooctanoic acid (PFOA): 21 % [9.7 %, 32 %]; perfluorooctane-sulfonic acid (PFOS): 11 % [0.3 %, 23 %]), fragrances (daily vs. never: PFOA: 14 % [7.8 %, 21 %]; PFOS: 7.8 % [1.3 %, 15 %]), makeup (daily vs. never: PFOA: 14 % [5.8 %, 23 %]), hair dyes (never vs. 1-2 times during pregnancy: PFOA: 8.3 % [2.4 %, 15 %]), and hair sprays or gels (daily vs. never: PFOA: 12 % [5.0 %, 19 %], PFOS: 7.1 % [0.2 %, 15 %]) were associated with higher plasma PFAS concentrations. Similar results were observed for 3rd trimester PCP use and 2 to 10 weeks' postpartum human-milk PFAS concentrations. In addition, we also found that people using colored-permanent dye 1 to 2 days postpartum had higher Sm-PFOS (18 % [2.7 %, 35 %]), PFOA (16 % [4.3 %, 29 %]), and perfluorononanoic acid (17 % [3.6 %, 33 %]) postpartum human-milk concentrations. Our results show that PCP use may be a modifiable source of PFAS exposure in pregnant and lactating populations. These results along with growing scientific evidence can help inform PFAS regulation and guide individual choices to reduce PFAS exposure.",2024,Environment international,pfas,blood,unspecified,hair dye,unspecified,cosmetics product study | hair product study
39138893,Concentration and health risk assessment of per- and polyfluoroalkyl substances in cosmetic and personal care products.,"Per and polyfluoroalkyl substances (PFAS) are toxicologically concerning because of their potential to bioaccumulate and their persistence in the environment and the human body. We determined PFAS levels in cosmetic and personal care products and assessed their health risks. We investigated the trends in concentrations and types of PFAS contaminants in cosmetic and personal care products before and after perfluorooctane sulfonate (PFOS) and perfluorooctanoic acid (PFOA) were added to the list of persistent organic pollutants. The total PFAS concentration ranged from 1.98 to 706.75 ng g<sup>-1</sup>. The hazard quotients (HQs) for PFOA, PFOS and perfluorobutanesulfonic acid (PFBS) were lower than 1, indicating no appreciable risk to consumers. Assuming the simultaneous use of all product types and the worst-case scenario for calculations, perfluoroalkyl carboxylic acids and perfluoroalkane sulfonic acids (PFSAs) also had hazard indices lower than 1. We found that adverse effects are unlikely to occur when each type of cosmetic is used separately, or even when all product types are used together. Nevertheless, the persistence and bioaccumulation characteristics of additional PFAS present in cosmetics continue to be a cause for concern. Further research is necessary to investigate the long-term impacts of using such cosmetics and the associated risks to human health.",2024,"Journal of environmental science and health. Part. B, Pesticides, food contaminants, and agricultural wastes",pfas,unspecified,unspecified,unspecified,unspecified,cosmetics product study
38935436,The Total Mass of Per- and Polyfluoroalkyl Substances (PFASs) in California Cosmetics.,"Cosmetics make up one of the consumer product categories most widely known to contain perfluoroalkyl and polyfluoroalkyl substances (PFASs), including precursors to perfluorooctanoic acid (PFOA) and other perfluoroalkyl acids (PFAAs). Because of the way cosmetics are used, most of the PFASs present in these products are likely to reach wastewater treatment plants (WWTPs), which suggests that cosmetics may contribute significantly to the load of PFOA and other PFASs at WWTPs. However, the majority of PFASs present as intentional ingredients in cosmetics cannot be quantified with the available analytical methods. To address this issue, we developed a methodology to estimate the total PFAS mass in cosmetics as well as the corresponding mass of total organic fluorine and of fluorinated side chains associated with PFAA precursors, using various ingredient databases and ingredient concentrations reported by manufacturers. Our results indicate that the cosmetics sold in California during a one-year period cumulatively contain 650-56 000 kg of total PFASs, 370-37 000 kg of organic fluorine, and 330-20 000 kg of fluorinated side chains associated with PFAA precursors. Among the 16 product subcategories considered, >90% of the PFAS mass came from shaving creams and gels, hair care products, facial cleansers, sun care products, and lotions and moisturizers, while the sum of all nine makeup subcategories accounted for <3%. Comparing our estimates to available WWTP influent data from the San Francisco Bay Area suggests that cosmetics may account for at least 4% of the precursor-derived PFAAs measured in wastewater. As the first study ever to estimate the total mass of PFASs contained in cosmetics sold in California, our results shed light on the significance of certain cosmetics as a source of PFASs to WWTPs and can inform effective source reduction efforts.",2024,Environmental science & technology,pfas,unspecified,unspecified,face wash | moisturizer,unspecified,cosmetics product study | hair product study | skin/topical study | environmental contamination | analytical/method study
38872633,Relationship between crustacean consumption and serum perfluoroalkyl substances (PFAS): the Korean National Environmental Health Survey (KoNEHS) cycle 4.,"Perfluoroalkyl substances (PFASs) are non-aromatic organic compounds, whose hydrogen atoms in the carbon chain substituted by fluorine atoms. PFASs exhibit developmental toxicity, carcinogenicity, hepatotoxicity, reproductive toxicity, immunotoxicity, and hormone toxicity. PFASs are used in the production of disposable food packages, aircraft and automobile devices, cooking utensils, outdoor gear, furniture and carpets, aqueous film forming foam (AFFF), cables and wires, electronics, and semiconductors. This study aimed to determine the association between crustacean consumption and serum PFASs. Adult participants (2,993) aged ≥ 19 years were extracted from the 4th cycle data of the Korean National Environmental Health Survey (KoNEHS). Based on the 50th percentile concentrations of serum PFASs, participants were divided into the low-concentration group (LC) and the high-concentration group (HC). General characteristics, dietary factors, coated product usage, and personal care product usage, an independent t-test and χ<sup>2</sup> test were analyzed. The odds ratio (OR) of serum PFAS concentration against crustacean consumption was estimated via logistic regression analysis adjusting for general characteristics, dietary factors, coated product usage, and personal care product usage. The OR for the HC of serum PFASs was higher in individuals with ≥once a week crustacean consumption than in those with < once a week crustacean consumption. Estimated ORs were perfluorohexanesulfonic acid 2.15 (95% confidence interval [CI]: 1.53-3.02), perfluorononanoic acid (PFNA) 1.23 (95% CI: 1.07-1.41), and perfluorodecanoic acid (PFDeA) 1.42 (95% CI: 1.17-1.74) in males, and perfluorooctanoic acid 1.48 (95% CI: 1.19-1.84), perfluorooctanesulfonic acid 1.39 (95% CI: 1.27-1.52), PFNA 1.70 (95% CI: 1.29-2.26) and PFDeA 1.43 (95% CI: 1.32-1.54) in females. This study revealed the association between the crustacean consumption and concentrations of serum PFASs in general Korean population.",2024,Annals of occupational and environmental medicine,pfas,liver | blood | immune system,reproductive toxicity | carcinogenicity | developmental toxicity | immune disruption,unspecified,unspecified,cosmetics product study | epidemiological study
38582342,Per- and polyfluoroalkyls used as cosmetic ingredients - Qualitative study of 765 cosmetic products.,"Per- and polyfluoroalkyl substances (PFAS) form a vast family comprising more than 4700 synthetic compounds. Their molecules contain a terminal functional group and a hydrophobic carbon tail (alkyl group) at which the hydrogen atoms are totally (in the case of perfluorinated compounds) or partially (in the case of polyfluorinated compounds) replaced by fluorine atoms. Due to the very specific properties of their structure, they have been used in a vast range of applications over the last 70 years. These substances are considered to be of concern for the environment. Their effects on human health are still poorly understood because studies are still too rare, but the cutaneous route could be a significant pathway of penetration. In this context, we made a qualitative study to assess the presence of PFAS in various cosmetics such as hygiene products, skin care products, make-up and perfumes. Among the 765 products studied, we found 11 different PFAS. Polytetrafluoroethylene (PTFE) and perfluorodecalin, present in 25.9% and 22.2% of products containing it, respectively, were the most frequent. Although the presence of this type of ingredient seems to be limited in Europe, make-up appears to be the type of product most likely to contain PFAS.",2024,Food and chemical toxicology : an international journal published for the British Industrial Biological Research Association,pfas,skin,unspecified,perfume,unspecified,cosmetics product study
38325620,"Removal characteristics of 53 micropollutants during ozonation, chlorination, and UV/H<sub>2</sub>O<sub>2</sub> processes used in drinking water treatment plant.","The removal of 53 emerging micropollutants (MPs), including 10 per- and polyfluorinated substances (PFASs), 25 pharmaceuticals and personal care products (PPCPs), 7 pesticides, 5 endocrine disrupters (EDCs), 3 nitrosamines, and 3 taste and odor compounds (T&Os), by chlorination, ozonation, and UV/H<sub>2</sub>O<sub>2</sub> treatment was examined in deionized water and surface waters used as the raw waters in drinking water treatment plants (DWTPs) in South Korea. The UV/H<sub>2</sub>O<sub>2</sub> treatment was effective in the removal of most MPs, whereas chlorination was selectively effective for 19 MPs, including EDCs (>70 %). MPs containing aromatic ring with electron-donating functional group, or primary and secondary amines were effectively removed by chlorination immediately upon reaction initiation. The removal of MPs by ozonation was generally lower than that of the other two processes at a low ozone dose (1 mg L<sup>-1</sup>), but higher than chlorination at a high ozone dose (3 mg L<sup>-1</sup>), particularly for 16 MPs, including T&Os. Compared in deionized water, the removals of MPs in the raw water samples were lower in all three processes. The regression models predicting the rate constants (k<sub>obs</sub>) of 53 MPs showed good agreement between modeled and measured value for UV/H<sub>2</sub>O<sub>2</sub> treatment (R<sup>2</sup> = 0.948) and chlorination (R<sup>2</sup> = 0.973), despite using only dissolved organic carbon (DOC) and oxidant concentration as variables, whereas the ozonation model showed a variation (R<sup>2</sup> = 0.943). Our results can provide the resources for determining which oxidative process is suitable for treating specific MPs present in the raw waters of DWTPs.",2024,Chemosphere,pfas,unspecified,endocrine disruption,unspecified,unspecified,cosmetics product study | food/dietary exposure
38050740,Determination of polyfluoroalkyl substances in cosmetic products using dispersed liquid-liquid extraction coupled with UHPLC-MS/MS.,"Human exposure to polyfluoroalkyl substances (PFASs) <i>via</i> cosmetics has been of increasing concern due to the tremendous detrimental health impacts of PFASs. Developing an effective method for extracting and determining PFASs in cosmetics is crucial in accurately assessing their corresponding human exposure risk. Herein, this study developed a new sample pre-treatment method to address the challenges posed by the variety and complexity of cosmetic matrices. Seventeen PFASs in cosmetic products, including 9 perfluoro carboxylic acids and 8 perfluorosulfonic acids, were simultaneously determined using ultra-high-performance liquid chromatography-tandem mass spectrometry (UHPLC-MS/MS). The whole pre-treatment process can be divided into three steps. In step 1, cosmetics with diverse matrix types can be effectively dispersed during extraction by using saturated sodium chloride-acetonitrile and saturated sodium chloride-tetrahydrofuran as extraction solvents. In step 2, the pre-purification step employs a potassium ferrocyanide-zinc acetate co-precipitant to remove high molecular weight interferents from the extraction solution, thereby enhancing the efficiency of solid-phase extraction (SPE). In step 3, WAX-SPE is utilized to further eliminate interferents from the extraction solution while concentrating the analytes, meeting the trace analysis requirements for PFASs in cosmetics. The method detection limits were 0.09-0.26 ng g<sup>-1</sup>. The recoveries ranged from 70.1% to 114.7%, with relative standard deviations in the range of 2.0-19.1%. The method was applied to cosmetic samples in the Guangzhou market, and the total concentration of PFASs ranged from 0 to 10.8 ng g<sup>-1</sup>. This method has strong anti-interference ability, good applicability, high sensitivity, and good reproducibility, making it suitable for the analysis and detection of perfluorinated acids in cosmetic samples. It provides technical support for cosmetics safety regulation.",2023,Analytical methods : advancing methods and applications,pfas,unspecified,unspecified,unspecified,unspecified,cosmetics product study | analytical/method study
37804905,Characteristic and health risk of per- and polyfluoroalkyl substances from cosmetics via dermal exposure.,"In this work, 45 cosmetic samples were collected from China, and 27 target per- and polyfluoroalkyl substances (PFAS) were analyzed by ultrahigh-performance liquid chromatography-high resolution mass spectrometry. PFAS were found in all samples, including the products marketed for pregnant women, and the total concentrations of PFAS measured in each sample were in the range of 4.05 - 94.9 ng/g. Short-chain perfluorinated carboxylic acids were the dominant compounds contributing to over 60% of the total content. Perfluorobutanoic acid, with high placental transfer efficiency, was the major PFAS in cosmetics for pregnant women. Three emerging PFAS, 2-perfluorohexyl ethanoic acid, 3-perfluoropentyl propanoic acid (5:3) and perfluoro-2-propoxypropanoic acid, were also identified in the cosmetic samples at quantifiable levels. Significantly, positive correlations between individual PFAS were observed, indicating that there may be a common source for PFAS in these samples. Statistical analyses suggested that using plastic containers and precursor substances may be potential sources of PFAS in terminal products, and product aging may increase PFAS levels. From the PFAS analysis of the cosmetics, the margin of safety (MoS) and hazard quotient (HQ) were calculated to assess human health risks through dermal exposure by using these products. Although the MoS and HQ values obtained were deemed acceptable, the cumulative effect caused by composite and long-term exposure to these contaminants needs to be given greater attention by health authorities.",2023,"Environmental pollution (Barking, Essex : 1987)",pfas,skin | placenta,unspecified,unspecified,unspecified,cosmetics product study | analytical/method study
37182303,Prenatal exposure to per- and polyfluoroalkyl substances and pregnancy outcome in Austria.,"Per- and polyfluoroalkyl substances (PFAS) are a large group of persistent industrial chemicals that can harm reproductive health. PFAS levels were analysed to determine the current sources of exposure and possible associations between prenatal PFAS exposure and adverse pregnancy outcome. Samples from 136 mother-newborn pairs recruited between 2017 and 2019 were analysed for the presence of 31 target PFAS in maternal serum, umbilical cord serum, and placental tissue by high-performance liquid chromatography coupled to a tandem mass spectrometer. Questionnaires and medical records were used to survey sources of exposure and pregnancy outcome, including small for gestational age (SGA), fetal growth restriction (FGR), preeclampsia (PE), preterm birth, large for gestational age (LGA) and gestational diabetes mellitus (GDM). Data were analysed for individual PFAS and sum4PFAS (sum of perfluorooctanoic acid (PFOA), perfluorononanoic acid (PFNA), perfluorohexane sulfonate (PFHxS), and perfluorooctane sulfonate (PFOS) serum levels) in logistic regression analyses and categorical regression analyses. Compared to data from a previous Viennese study in 2010-12, sum4PFAS levels were generally lower. Sum4PFAS serum levels of three women (2.2%) exceeded 6.9 µg/L, a level that corresponds to the recently established tolerable weekly intake (TWI) of EFSA for nursing mothers aged 35 years; in the 2010/2012 study it was 13.6%. The large contribution of unidentified extractable organofluorine (EOF) fractions to total PFAS exposure is a concern. Study site, mean maternal corpuscular hemoglobin (MCH), use of facial lotion, and owning upholstered furniture were significantly influencing maternal exposure. While no effect of sum4PFAS on pregnancy outcome could be detected, we found highest placental PFDA levels in SGA births. PFHxS levels in umbilical cord and placenta were highest in preterm births. Further studies are needed to elucidate the relationship of prenatal PFAS exposure and pregnancy outcome, in particular to confirm whether and how placental PFDA levels may contribute to an increased risk for SGA.",2023,Ecotoxicology and environmental safety,pfas,blood | placenta,developmental toxicity,unspecified,unspecified,skin/topical study | epidemiological study | industrial/occupational | analytical/method study
36883520,Determination of 21 per- and poly-fluoroalkyl substances in paper- and cardboard-based food contact materials by ultra-high-performance liquid chromatography coupled to high-resolution mass spectrometry.,"In this work, a new analytical method was developed and validated for the determination of the total content of 21 per- and poly-fluoroalkyl substances (PFASs) in paper- and cardboard-based food contact materials (FCMs). This method is based on green ultrasound-assisted lixiviation followed by ultra-high-performance liquid chromatography coupled to high-resolution mass spectrometry (UHPLC-Q-Orbitrap HRMS). The method was validated in various paper- and cardboard-based FCMs, showing good linearity (<i>R</i><sup>2</sup> ≥ 0.99), limits of quantification (1.7-10 μg kg<sup>-1</sup>), accuracy (74-115%), and precision (RSD < 20%). The eco-friendly characteristics of the proposed analytical method were assessed according to the analytical eco-scale, demonstrating that it can be considered an excellent green analytical method (EcoScale score > 75). Finally, 16 field samples of paper- and cardboard-based FCMs, including pizza boxes, popcorn boxes, paper bags and cardboard boxes for potato fries, ice cream tubs, pastry trays, and cardboard-based packaging for cooked Spanish omelets, fresh grapes, frozen fish, and salads were analyzed, showing that they comply with the current European regulations regarding the studied PFASs. The developed method is currently accredited according to UNE-EN ISO/IEC 17025 by the Spanish National Accreditation Body (ENAC) to be implemented for official control analysis of FCMs in the Public Health Laboratory of Valencia, Generalitat Valenciana (Valencia, Spain).",2023,Analytical methods : advancing methods and applications,pfas,unspecified,unspecified,unspecified,unspecified,skin/topical study | analytical/method study
36828075,"Endocrine disrupting chemicals in indoor dust: A review of temporal and spatial trends, and human exposure.","Several chemicals with widespread consumer uses have been identified as endocrine-disrupting chemicals (EDCs), with a potential risk to humans. The occurrence in indoor dust and resulting human exposure have been reviewed for six groups of known and suspected EDCs, including phthalates and non-phthalate plasticizers, flame retardants, bisphenols, per- and polyfluoroalkyl substances (PFAS), biocides and personal care product additives (PCPs). Some banned or restricted EDCs, such as polybrominated diphenyl ethers (PBDEs), di-(2-ethylhexyl) phthalate (DEHP), bisphenol A (BPA), perfluorooctanesulfonic acid (PFOS) and perfluorooctanoic acid (PFOA), are still widely detected in indoor dust in most countries, even as the predominating compounds of their group, but generally with decreasing trends. Meanwhile, alternatives that are also potential EDCs, such as bisphenol S (BPS), bisphenol F (BPF), decabromodiphenyl ethane (DBDPE) and organophosphate flame retardants (OPFRs), and PFAS precursors, such as fluorotelomer alcohols, have been detected in indoor dust with increasing frequencies and concentrations. Associations between some known and suspected EDCs, such as phthalate and non-phthalate plasticizers, FRs and BPs, in indoor dust and paired human samples indicate indoor dust as an important human exposure pathway. Although the estimated daily intake (EDI) of most of the investigated compounds was mostly below reference values, the co-exposure to a multitude of known or suspected EDCs requires a better understanding of mixture effects.",2023,The Science of the total environment,pfas,unspecified,endocrine disruption,unspecified,unspecified,cosmetics product study
36329715,The development and function of the brain barriers - an overlooked consideration for chemical toxicity.,"It is well known that the adult brain is protected from some infections and toxic molecules by the blood-brain and the blood-cerebrospinal fluid barriers. Contrary to the immense data collected in other fields, it is deeply entrenched in environmental toxicology that xenobiotics easily permeate the developing brain because these barriers are either absent or non-functional in the fetus and newborn. Here we review the cellular and physiological makeup of the brain barrier systems in multiple species, and discuss decades of experiments that show they possess functionality during embryogenesis. We next present case studies of two chemical classes, perfluoroalkyl substances (PFAS) and bisphenols, and discuss their potential to bypass the brain barriers. While there is evidence to suggest these pollutants may enter the developing and/or adult brain parenchyma, many studies suffer from confounding technical variables which complicates data interpretation. In the future, a more formal consideration of brain barrier biology could not only improve understanding of chemical toxicokinetics but could assist in prioritizing environmental xenobiotics for their neurotoxicity risk.",2022,Frontiers in toxicology,pfas,brain | blood,neurotoxicity,unspecified,unspecified,cosmetics product study
36202376,Time-course trend and influencing factors for per- and polyfluoroalkyl substances in the breast milk of Korean mothers.,"Many studies have reported that neonates and infants are exposed to several per- and polyfluoroalkyl substances (PFASs) via breastfeeding; however, these studies have had small sample sizes. This study aimed to determine the concentrations and time-course trend of PFASs in breast milk and identify influencing factors governing PFAS concentrations. Between July and September (2018), 207 low-risk primiparous women were recruited from a lactation counseling clinic in Korea and their breast milk samples were tested for 14 PFASs, including four perfluoroalkyl sulfonic acids. A questionnaire survey, comprising 84 questions covering the women's demographic, obstetrical, dietary, lifestyle, behavioral, and neonatal information, was conducted to investigate associations. Twelve of the 14 PFASs were detectable in breast milk samples. Perfluorooctanesulfonic acid (PFOS), perfluorooctanoic acid (PFOA), and perfluorodecanoic acid were detected in 100% of the samples, followed by perfluorohexanesulfonic acid (detection rate: 87%), perfluorononanoic acid (87%), and perfluorohexanoic acid (73%); the median concentrations were 0.05, 0.10, 0.031, 0.007, and 0.033 ng/mL, respectively. The PFAS concentrations in breast milk measured in our study were higher than those reported in other studies or countries. In 12 years, from 2007 to 18, the mean concentration of PFOA in breast milk increased by approximately three times (278%). The major factors associated with PFAS concentrations in the bivariate association analysis were body mass index; living area (non-metropolitan); neonatal age; and frequency of fish, ice cream, and canned food consumption. In the multiple regression model, fish consumption significantly influenced the PFOS concentrations in breast milk (β = 0.88, p = 0.033). Frequently, fish consumption has been analyzed as the main dietary factor related to PFOS concentration. Our findings suggest the need for a comprehensive cohort study on PFAS exposure and its association with infant health.",2023,Chemosphere,pfas,breast,unspecified,unspecified,unspecified,skin/topical study | epidemiological study | food/dietary exposure
36191486,Transdermal absorption of <sup>13</sup>C<sub>4</sub>-perfluorooctanoic acid (<sup>13</sup>C<sub>4</sub>-PFOA) from a sunscreen in a male volunteer - What could be the contribution of cosmetics to the internal exposure of perfluoroalkyl substances (PFAS)?,"Per- and polyfluoroalkyl substances (PFAS) are a complex group of man-made chemicals with high stability and mobility leading to ubiquitous environmental contamination and accumulation especially of some long-chain perfluoroalkyl acids (PFAA) in humans. While dietary intake is the main route of exposure, transdermal uptake from cosmetic products usually is considered negligible. However, PFAS are present in a part of these products, and recent epidemiological studies have provided evidence for relevant uptake via this route. The crucial question is whether PFAA in cosmetic products can cross the human skin barrier. A defined amount (110 µg) of <sup>13</sup>C<sub>4</sub>-perfluorooctanoic acid (<sup>13</sup>C<sub>4</sub>-PFOA) was mixed into a sunscreen (30 g) which was applied on the whole skin of a volunteer. The plasma concentrations of <sup>13</sup>C<sub>4</sub>-PFOA were determined in serial blood samples taken over 115 days using UHPLC-MS/MS and <sup>13</sup>C<sub>2</sub>-PFOA as internal standard. After application, <sup>13</sup>C<sub>4</sub>-PFOA plasma levels increased continuously, reaching levels of 3, 56 and 118 ng/L after 6 h, 3 days and 10 days, respectively. A maximum level of 132 ng/L was measured 22 days after application, representing 9.4 % of the PFOA level resulting from the volunteer's background exposure (1400 ng/L, equivalent to 1.4 ng/mL). In the following weeks, the levels slightly decreased with an estimated half-life of 1.8 years. The best estimate for the fraction absorbed may be 1.6 % of the dose, using a volume of distribution of 0.17 L/kg body weight. For PFOA mixed into a sunscreen, this experimental approach demonstrates a significant uptake of a PFAA via transdermal absorption in humans. In the past, some cosmetic products contained relevant PFAA levels as contaminants/impurities of PFAS added as active ingredients. Depending on these levels and the use (frequency, skin area involved), it is plausible that this route of exposure has contributed to the internal exposure to PFAA, as already suggested by epidemiological observations.",2022,Environment international,pfas,skin | blood,unspecified,sunscreen,unspecified,cosmetics product study | sunscreen/UV filter study | skin/topical study | epidemiological study | biomonitoring study | environmental contamination | analytical/method study
35998314,"Occurrence of Perfluoroalkyl and Polyfluoroalkyl Substances in Ice Cream, Instant Noodles, and Bubble Tea.","Food consumption is a significant exposure route to perfluoroalkyl and polyfluoroalkyl substances (PFAS). The concentrations of 27 PFAS in fast food were determined by ultrahigh-performance liquid chromatography-high resolution mass spectrometry. In ice cream, instant noodles, and bubble tea, some PFAS were detected, among which perfluorooctanoic acid, perfluoro-<i>n</i>-butanoic acid, and 6:2 polyfluoroalkyl phosphate monoester showed relatively high concentrations. PFAS migrating from bubble tea cups to the food simulant of 50% ethanol aqueous solution showed a difference compared with those migrating into bubble tea matrices. The migration of 27 PFAS to bubble tea samples indicated that long storage time increased PFAS levels (up to 4.8 times) and so did high storage temperature (up to 7.3 times). The hazard ratio, defined as the ratio of the estimated daily intake and the reference dose, was calculated, and it suggests that the total PFAS exposure risk due to consumption of bubble tea should be of concern.",2022,Journal of agricultural and food chemistry,pfas,unspecified,unspecified,unspecified,unspecified,skin/topical study | analytical/method study
35959763,"Are cosmetics a significant source of PFAS in Europe? product inventories, chemical characterization and emission estimates.","In this study, emission of per- and polyfluoroalkyl substances (PFAS) from the use of cosmetics in the European Economic Area (EEA; not including Lichtenstein and Iceland) was estimated for the first time. Using the European Commission database for information on cosmetic substances and ingredients (CosIng) ∼170 structures containing at least -CF<sub>2</sub>- or -CF<sub>3</sub> were identified as ingredients in cosmetics on the European market. These structures were then cross referenced against the Cosmetic Database ""CosmEthics"" to identify PFAS-containing products. Among these products, polytetrafluoroethylene (PTFE) and C9-15 fluoroalcohol phosphate were the most frequently listed PFAS ingredients. Thereafter, a sample of 45 cosmetics spanning 5 product categories was purchased in Sweden and characterized for total fluorine (TF), extractable organofluorine (EOF), and target PFAS. Using measured concentrations, the share of PFAS-containing products in each product category, sales data from Cosmetics Europe, as well as other parameters and assumptions, the annual emission of PFAS from cosmetics after use was estimated. Annual EEA-wide TF and EOF-based emissions ranged from ∼17-38 000 kg F per year and 37-5100 kg F per year, respectively, representing combined emission to wastewater and solid waste (low to high emission scenario). Sum perfluoroalkyl carboxylic acid (PFCA) emissions were considerably lower (21 kg ∑PFCAs per year; high scenario). While TF- and EOF-based emissions are significant, they are considerably lower than estimates of TF emission from washing of PFAS-coated textiles in the EU. This work provides the first estimate of PFAS emissions from cosmetics and highlights the importance of using a multi-platform analytical approach for PFAS emission estimates.",2022,Environmental science. Processes & impacts,pfas,unspecified,unspecified,unspecified,unspecified,cosmetics product study | environmental contamination
35545009,Comprehensive screening of polar emerging organic contaminants including PFASs and evaluation of the trophic transfer behavior in a freshwater food web.,"Bioaccumulation and trophic transfer of persistent legacy contaminants have been intensively characterized, but little is known on the contaminants of emerging concern (CECs) in freshwater food webs. Herein, we comprehensively screened CECs with a focus on polar substances and further evaluated their trophic transfer behavior in selected items from the food web of Lake Templin, Germany. Weselected one plankton, two mussel, and nine fish samples covering three trophic levels. With an effective multi-residue sample preparation method and high-resolution mass spectrometry-based target, suspect, and non-target screening, we characterized 477 targets and further screened unknown features in complex biota matrices. Of the 477 targets, 145 were detected and quantified in at least one species (0.02-3640 ng/g, dry weight). Additionally, the suspect and non-target analysis with experimental mass spectra libraries and in silico techniques (MetFrag and SIRIUS4/CSI:FingerID) enabled further identification of 27 unknown compounds with 19 confirmed by reference standards. Overall, the detected compounds belong to a diverse group of chemicals, including 71 pharmaceuticals, 27 metabolites, 26 pesticides, 16 per- and polyfluoroalkyl substances (PFASs), 4 plasticizers, 3 flame retardants, 11 other industrial chemicals and 14 others. Moreover, we determined the trophic magnification factor (TMF) of 34 polar CECs with >80% detection frequency, among which 6 PFASs including perfluorooctane sulfonic acid (PFOS), perfluorodecanoic acid (PFDA), perfluorohexane sulfonic acid (PFHxS), perfluorotridecanoic acid (PFTrA), perfluorotetradecanoic acid (PFTeA), and perfluoroundecanoic acid (PFUnA), exhibited biomagnification potential (TMF =1.8 - 4.2, p < 0.05), whereas 5 pharmaceuticals (phenazone, progesterone, venlafaxine, levamisole, and lidocaine) and 1 personal care product metabolite (galaxolidone) showed biodilution potential (TMF = 0.4 - 0.6, p < 0.05).",2022,Water research,pfas,unspecified,unspecified,unspecified,unspecified,cosmetics product study | industrial/occupational | environmental contamination | food/dietary exposure | analytical/method study
35410624,Comprehending the Role of Endocrine Disruptors in Inducing Epigenetic Toxicity.,"Endocrine disruptors are natural or man-made chemicals that interfere with the body's endocrine system leading to hormone synthesis and production defects. These chemicals are categorized as plasticizers and cosmetic chemicals, heavy metals, phytoestrogens, pesticides, detergents, surfactants, and flame retardants. Some of the most common endocrine disruptors are dioxins, bisphenol A, phthalates, perchlorate, perfluoroalkyl, and poly-fluoroalkyl substances (PFAs), phytoestrogens, polybrominated diphenyl ethers (PBDEs), polychlorinated biphenyls (PCB), triclosan, atrazine, lead, arsenic, mercury, organophosphate pesticides, and glycol ethers. Epigenetic alterations such as DNA methylation, histone modification, and miRNA regulation have been observed to play a major role in many diseases such as cancer, neurodegenerative diseases, PCOS, cardiovascular diseases, and various other disorders. In recent times, there has been a focus on endocrine-disrupting chemicals in epigenetic alterations. This review concentrates on estrogen and androgen disrupting effects, placental, and fetal effects, thyroid disrupting effects, and transgenerational effects of endocrine disruptors.",2022,"Endocrine, metabolic & immune disorders drug targets",pfas,thyroid | heart | placenta,endocrine disruption | carcinogenicity,unspecified,unspecified,cosmetics product study
34192647,Concentrations of perfluoroalkyl substances in donor breast milk in Southern Spain and their potential determinants.,"Breast milk is considered to offer the best nutrition to infants; however, it may be a source of exposure to environmental chemicals such as perfluoroalkyl compounds (PFAS) for breastfeeding infants. PFAS are a complex group of synthetic chemicals whose high stability has led to their ubiquitous contamination of the environment. To assess the concentrations and profiles of PFAS in breast milk from donors to a human milk bank and explore factors potentially related to this exposure. Pooled milk samples were collected from 82 donors to the Human Milk Bank of the Virgen de las Nieves University Hospital (Granada, Spain). Ultra-high performance liquid chromatography coupled with tandem mass spectrometry (UHPLC-MS/MS) was applied to determine milk concentrations of 11 PFAS, including long-chain and short-chain compounds. A questionnaire was used to collect information on donors' socio-demographic characteristics, lifestyle, diet, and use of personal care products (PCPs). Factors related to individual and total PFAS concentrations were evaluated by multivariate regression analysis. PFAS were detected in 24-100% of breast milk samples. PFHpA was detected in 100% of samples, followed by PFOA (84%), PFNA (71%), PFHxA (66%), and PFTrDA (62%). Perfluorooctane sulfonate (PFOS) was detected in only 34% of donors. The median concentrations ranged from <0.66 ng/dL (perfluorohexane sulfonic acid [PFHxS]) to 19.39 ng/L (PFHpA). The median of the sum of PFAS concentrations was 87.67 ng/L and was higher for short-chain than long-chain PFAS. Factors most frequently associated with increased PFAS concentrations included intake of creatin animal food items and use of PCPs such as skin care and makeup products. Several PFAS, including short-chain compounds, are detected in pooled donor milk samples. Breast milk may be an important pathway for the PFAS exposure of breastfed infants, including preterm infants in NICUs. Despite the reduced sample size, these data suggest that various lifestyle factors influence PFAS concentrations, highlighting the use of PCPs.",2021,International journal of hygiene and environmental health,pfas,skin | breast,unspecified,unspecified,unspecified,cosmetics product study | clinical/hospital study | food/dietary exposure | analytical/method study
33706127,"Dietary patterns and PFAS plasma concentrations in childhood: Project Viva, USA.","Diet is thought to account for most adult human exposure to per- and polyfluoroalkyl substances (PFAS). Children are particularly vulnerable to adverse health effects of PFAS and may have different eating habits than adults. However, studies of dietary patterns and PFAS in children are limited. We studied 548 Boston-area children with food frequency questionnaire data (89 food items) in early childhood (median age 3.3 years) and plasma concentrations of 6 PFAS quantified in mid-childhood (median age 7.7 years). We used univariate linear regression to examine associations between each food item and PFAS, accounting for multiple comparisons. We next used reduced rank regression (RRR) to estimate overall percent variation in PFAS explained by diet and identify dietary patterns most correlated with PFAS. All models were adjusted for race/ethnicity, maternal education, and household income. In univariate analyses, 2-(N-methyl-perfluorooctane sulfonamide) acetate (MeFOSAA) plasma concentrations were 17.8% (95% CI: 7.2, 29.5) and 17.0% (95% CI: 6.4, 28.7) higher per SD increment in intake of ice cream and soda, respectively. RRR identified 6 dietary patterns that together explained 18% variation in the plasma concentrations of the 6 PFAS, of which 50% was explained by a dietary pattern consisting of primarily packaged foods (including ice cream and soda) and fish. Children with higher intake of the packaged foods and fish dietary pattern had higher plasma concentrations of all PFAS, particularly MeFOSAA and PFOS. Our analysis examined food intake in association with several PFAS in children and identified dietary determinants that may be sources of PFAS exposure or reflect correlated lifestyle or toxicokinetic factors. Further investigation may help inform measures to modify childhood PFAS exposure.",2021,Environment international,pfas,blood,unspecified,unspecified,unspecified,skin/topical study | food/dietary exposure
33482550,Exposure to perfluorooctanesulfonate (PFOS) but not perflurorooctanoic acid (PFOA) at ppb concentration induces chronic toxicity in Daphnia carinata.,"Widespread environmental contamination of per- and polyfluoroalkyl substances (PFAS) is well established. Nevertheless, few studies have reported on the aquatic toxicity of PFAS, especially in indicator species such as Daphnia. In this study, the toxicity of two major PFAS, namely perfluorooctanoic acid (PFOA) and perfluorooctanesulfonate (PFOS), was investigated on water flea (Daphnia carinata) using a battery of comprehensive toxicity tests, including a 48 h acute and a 21-day chronic assays. The survival, growth, and reproduction of D. carinata were monitored over a 21-day life cycle. PFOS exhibited higher toxicity than PFOA. The 48 h LC<sub>50</sub> values (confidence interval) based on acute toxicity for PFOA and PFOS were 78.2 (54.9-105) mg L<sup>-1</sup> and 8.8 (6.4-11.6) mg L<sup>-1</sup>, respectively. Chronic exposure to PFOS for 21 days displayed mortality and reproductive defects in D. carinata at a concentration as low as 0.001 mg L<sup>-1</sup>. Genotoxicity assessment using comet assay revealed that exposure for 96 h to PFOS at 1 and 10.0 mg L<sup>-1</sup> significantly damaged the organism's genetic makeup. The results of this study have great implications for risk assessment of PFOS and PFOA in aquatic ecosystems, given the potential of PFOS to pose a risk to Daphnia even at lower concentrations (1 μg L<sup>-1</sup>).",2021,The Science of the total environment,pfas,unspecified,genotoxicity,unspecified,unspecified,cosmetics product study | environmental contamination
33186575,"Serum per- and polyfluoroalkyl substance (PFAS) concentrations and predictors of exposure among pregnant African American women in the Atlanta area, Georgia.","Exposure to per- and polyfluoroalkyl substances (PFAS) has been associated with adverse health outcomes, especially when exposure occurs within sensitive time windows such as the pre- and post-natal periods and early childhood. However, few studies have focused on PFAS exposure distribution and predictors in pregnant women, especially among African American women. We quantified serum concentrations of the four most common PFAS collected in all 453 participants and an additional 10 PFAS in 356 participants who were pregnant African American women enrolled from 2014 to 2018 in Atlanta, Georgia, and investigated the sociodemographic predictors of exposure. Additional home environment and behavior predictors were also examined in 130 participants. Perfluorohexane sulfonic acid (PFHxS), perfluorooctane sulfonic acid (PFOS), perfluorooctanoic acid (PFOA), and perfluorononanoic acid (PFNA) were detected in >95% of the samples with PFOS having the highest concentrations (geometric mean (GM) 2.03 ng/mL). N-Methyl perfluorooctane sulfonamido acetic acid (NMeFOSAA), perfluoropentanoic acid (PFPeA), perfluorodecanoic acid (PFDA), and perfluoroundecanoic acid (PFUnDA) were found in 40-50% of the samples, whereas the detection frequencies for the other six PFAS were below 15%. When compared to National Health and Nutrition Examination Survey (NHANES) participants matching sex, race, and age with this study, our results showed similar concentrations of most PFAS, but higher concentrations of PFHxS (GM 0.99 ng/mL in this study; 0.63 and 0.4 ng/mL in NHANES, 2014-2015 and 2016-2017 cycles). A decline in concentrations over the study period was found for most PFAS but not PFPeA. In adjusted models, education, sampling year, parity, BMI, tobacco and marijuana use, age of house, drinking water source, and cosmetic use were significantly associated with serum PFAS concentrations. Our study reports the first PFAS exposure data among pregnant African American women in the Atlanta area, Georgia. The identified predictors will facilitate the setting of research priorities and enable development of exposure mitigation strategies.",2021,Environmental research,pfas,blood,unspecified,unspecified,unspecified,cosmetics product study | epidemiological study | biomonitoring study | food/dietary exposure
33129602,Exposure to per- and polyfluoroalkyl substances and premature skin aging.,"Per- and polyfluoroalkyl substances (PFASs) are a ubiquitous group of persistent chemicals distributed globally in the environment. Skin aging is a notorious process that is prematurely induced by the interaction between endogenous and exogenous factors, including exposure to environmental chemicals. The existing evidence suggests that skin absorption of PFASs through dermal contact may be an important route of exposure to these chemicals in humans. On the other hand, PFASs intake by other routes may lead to PFASs bioaccumulation in the skin via tissue bio-distribution. Additionally, the presence of PFASs in consumer and cosmetic products combined with their daily close contact with the skin could render humans readily susceptible to dermal absorption. Therefore, chronic low-dose dermal exposure to PFASs can occur in the human population, representing another important route of exposure to these chemicals. Studies indicate that PFASs can threaten skin health and contribute to premature skin aging. Initiation of inflammatory-oxidative cascades, induction of DNA damage such as telomere shortening, dysregulation of genes engaged in dermal barrier integrity and its functions, signaling of the mitogen activated protein kinase (MAPK) pathway, and last but not least the down-regulation of extracellular matrix (ECM) components are among the most likely mechanisms by which PFASs can contribute to premature skin aging.",2021,Journal of hazardous materials,pfas,skin,genotoxicity,unspecified,unspecified,cosmetics product study | skin/topical study
33065506,Determination and assessment of human dietary intake of per and polyfluoroalkyl substances in retail dairy milk and infant formula from South Africa.,"Dairy milk and infant formula play important roles in the diet of adolescents, adults and infants, respectively, in the South African population. However, data on the occurrence of legacy and emerging contaminants such as PFAS in these important food sources is lacking. In this study, the concentration of fifteen PFAS were measured in 23 pooled retail dairy milk and 7 pooled infant formulas by means of an ultrahigh performance liquid chromatography tandem mass spectrometric method. The concentrations of Σ<sub>15</sub>PFAS ranged from 0.08-15.51 ng mL<sup>-1</sup> and 0.42-5.74 ng mL<sup>-1</sup> in dairy milk and infant formulas, respectively. PFBA, PFPeA, PFuDA, PFTrDA and PFDoA were the most prevalent PFAS in both matrices with detection frequency > 96%. Highest PFAS concentrations of 2.02 ng ml<sup>-1</sup> and 2.76 ng ml<sup>-1</sup> were recorded for PFDoA in infant formulas and dairy milk, respectively. The concentrations of legacy PFAS -PFOA and PFOS, shows resemblance with global data, however, elevated concentrations of long chain C<sub>9</sub> - C<sub>14</sub> PFAS were observed in this study. Though, higher concentrations of PFAS were measured in full cream dairy milk, no statistical significant difference (P = 0.546) was observed for the various classes of dairy milk. The EDI of Σ<sub>15</sub>PFAS through infant formulas were 184.92, 329.47 and 166 ngkg<sup>-1</sup>BWday<sup>-1</sup> for partially breastfed, exclusively formula fed and older infants, respectively. Similarly, the EDI of PFAS through dairy milk for toddlers, adolescents, female and male adults for the rural population were 14.17, 1.09, 2.59 and 3.16 ngkg<sup>-1</sup>BWday<sup>-1</sup> respectively while they were 20.41, 3.84, 4.13 and 4.26 ngkg<sup>-1</sup>BWday<sup>-1</sup> respectively in the urban population. Although, the EDI of PFAS through the consumption of infant formulas and dairy milk are lower than the daily tolerable limits, the relative importance of long-term exposure and the cumulative effects of multiple exposure pathways cannot be overemphasized.",2021,The Science of the total environment,pfas,breast,unspecified,unspecified,unspecified,skin/topical study | food/dietary exposure | analytical/method study
32659468,Background contamination of perfluoralkyl substances in a Belgian general population.,"The few Belgian studies on the human exposure to perfluoroalkyl substances (PFASs) have until now concerned the Northern part of Belgium (Flanders), while data related to Wallonia (South region) are missing. To fill this gap, 8 perfluorinated carboxylic acids and 3 perfluorinated alkyl sulfonates were measured in the serum of 242 adults (>18 years old) recruited in 2015 and living in the Province of Liege. Some multivariate regression models were also built with the PFAS levels and the participant's answers to a questionnaire about their diet and lifestyle habits in order to identify some predictors of exposure. The results obtained showed that although PFAS levels observed in our population seemed to be similar or lower than those reported in other countries, and especially lower than in the Northern part of Belgium, half of the population showed PFOS and PFOA serum levels above the health guidance values set by the German HBM Commission. As expected, age and gender were the main covariates explaining the different PFAS serum levels between participants, while breastfeeding (for women), consumption of fish and seafood, consumption of rice, and use of nail polish seemed also to impact the PFAS body burden of our population. Nevertheless, the statistical models were poorly predictive suggesting that the main sources of exposure were not taken into account.",2020,Toxicology letters,pfas,breast | blood,unspecified,nail polish,unspecified,nail product study | food/dietary exposure
32474294,"Distribution and effects of branched versus linear isomers of PFOA, PFOS, and PFHxS: A review of recent literature.","Perfluorinated alkyl substances (PFAS) have come to attention recently due to their widespread presence in the environment, recalcitrance, and potential negative health associations. Because of the long-term production of PFAS using ECF, which created branched isomers as byproducts in addition to the intended linear product, branched isomers of PFAS account for a significant portion of PFAS load in the environment. The distribution of isomers is not consistent in the environment, however. Geographic location appears to be a major factor in determining the isomer makeup of PFAS in surface and groundwater as well as in humans and animals. This is largely to differences in production methods; a region that produced PFAS via ECF for many years would have a higher ratio of branched isomers than one that produces PFAS using telomerization. In addition, the different structures of branched PFAS isomers as compared to linear PFAS appear to affect transport in the environment. Research suggests that linear PFAS sorb preferentially to soil and sediments, whereas branched isomers are more likely to remain in water. The higher polarity of the branched structure explains this difference. Studies in humans and animals show that most animals preferentially accumulate the linear PFOS isomer, but humans appear to preferentially accumulate the branched isomers as they are often found in human serum at percentages higher than that of ECF product. In addition, some studies have indicated that linear and branched PFAS isomers have some unique negative health associations. Very few studies, however, account for linear and branched PFAS separately.",2020,The Science of the total environment,pfas,blood,unspecified,unspecified,unspecified,cosmetics product study | environmental contamination
31181501,"Occurrences, levels and risk assessment studies of emerging pollutants (pharmaceuticals, perfluoroalkyl and endocrine disrupting compounds) in fish samples from Kalk Bay harbour, South Africa.","A comprehensive analysis of 15 target chemical compounds (pharmaceuticals and personal care product, perfluoroalkyl compounds and industrial chemicals) were carried out to determine their concentrations in selected commercially exploited, wild caught small and medium sized pelagic fish species and their organs (Thyrsites atun (snoek), Sarda orientalis (bonito), Pachymetopon blochii (panga) and Pterogymnus laniarius (hottentot)) obtained from Kalk Bay harbour, Cape Town. Solid phase extraction (SPE) method based on Oasis HLB cartridges were used to concentrate and clean-up the samples. Liquid chromatography-mass spectrometry analysis of these chemical compounds revealed the simultaneous presence of at least 12 compounds in different parts of the selected fish species in nanogram-per-gram dry weight (ng/g dw) concentrations. The results revealed that perfluorodecanoic acid, perfluorononanoic acid and perfluoroheptanoic acid were the most predominant among the perfluorinated compounds and ranged between: (20.13-179.2 ng/g), (21.22-114.0 ng/g) and (40.06-138.3 ng/g). Also, diclofenac had the highest concentration in these edible fish species out of all the pharmaceuticals detected (range: 551.8-1812 ng/g). The risk assessment values were above 0.5 and 1.0 for acute and chronic risk respectively which shows that these chemicals have a high health risk to the pelagic fish, aquatic organisms and to humans who consume them. Therefore, there is an urgent need for a precautionary approach and the adequate regulation of the use and disposal of synthetic chemicals that persist in aquatic/marine environment in this province and other parts of South Africa, to prevent impacts on the sustainability of our marine environment, livelihood and lives.",2019,"Environmental pollution (Barking, Essex : 1987)",pfas,unspecified,endocrine disruption,unspecified,unspecified,cosmetics product study | industrial/occupational | food/dietary exposure | analytical/method study
30427048,Per- and polyfluoroalkyl substances and fluorine mass balance in cosmetic products from the Swedish market: implications for environmental emissions and human exposure.,"Per- and polyfluoroalkyl substances (PFASs) are a diverse class of >4700 chemicals used in commercial products and industrial processes. Concerns surrounding PFASs are principally due to their widespread occurrence in humans and the environment and links to adverse health effects. One of the lesser known uses for PFASs is in cosmetic products (CPs) which come into contact with the skin (e.g. hair products, powders, sunblocks, etc.). In the present work, thirty-one CPs from five product categories (cream, foundation, pencil, powder and shaving foam) were analyzed for 39 PFASs by liquid chromatography-tandem mass spectrometry, as well as extractable organic fluorine (EOF) and total fluorine (TF) by combustion ion chromatography (CIC). This multi-platform approach enabled determination of the fraction of fluorine accounted for by known PFASs (i.e. fluorine mass balance). Foundations and powders contained 25 different PFASs with the most frequently detected being perfluorinated carboxylic acids (perfluoroheptanoic acid and perfluorohexanoic acid) and polyfluoroalkyl phosphate esters (PAPs). Σ14PAP concentrations up to 470 μg g-1 were measured in products listing mixtures of PAPs as an ingredient. For all samples, Σ39PFAS concentrations only explained a small fraction of the EOF and TF, pointing to the presence of unknown organic and/or inorganic fluorinated substances, including polymers. While creams, pencil and shaving foams did not contain measurable concentrations of any of the 39 PFASs targeted here, CIC revealed high to moderate TF content. Overall, these data highlight the need for further investigations into the occurrence of PFASs in CPs and their importance with regards to human and environmental exposure.",2018,Environmental science. Processes & impacts,pfas,skin,unspecified,sunscreen | foundation,unspecified,cosmetics product study | sunscreen/UV filter study | hair product study | skin/topical study | industrial/occupational | analytical/method study
29312194,"Probing Genomic Aspects of the Multi-Host Pathogen <i>Clostridium perfringens</i> Reveals Significant Pangenome Diversity, and a Diverse Array of Virulence Factors.","<i>Clostridium perfringens</i> is an important cause of animal and human infections, however information about the genetic makeup of this pathogenic bacterium is currently limited. In this study, we sought to understand and characterise the genomic variation, pangenomic diversity, and key virulence traits of 56 <i>C. perfringens</i> strains which included 51 public, and 5 newly sequenced and annotated genomes using Whole Genome Sequencing. Our investigation revealed that <i>C. perfringens</i> has an ""open"" pangenome comprising 11667 genes and 12.6% of core genes, identified as the most divergent single-species Gram-positive bacterial pangenome currently reported. Our computational analyses also defined <i>C. perfringens</i> phylogeny (16S rRNA gene) in relation to some 25 <i>Clostridium</i> species, with <i>C. baratii</i> and <i>C. sardiniense</i> determined to be the closest relatives. Profiling virulence-associated factors confirmed presence of well-characterised <i>C. perfringens</i>-associated exotoxins genes including α-toxin (<i>plc</i>), enterotoxin (<i>cpe</i>), and Perfringolysin O (<i>pfo</i> or <i>pfoA</i>), although interestingly there did not appear to be a close correlation with encoded toxin type and disease phenotype. Furthermore, genomic analysis indicated significant horizontal gene transfer events as defined by presence of prophage genomes, and notably absence of CRISPR defence systems in >70% (40/56) of the strains. In relation to antimicrobial resistance mechanisms, tetracycline resistance genes (<i>tet</i>) and anti-defensins genes (<i>mprF</i>) were consistently detected <i>in silico</i> (<i>tet</i>: 75%; <i>mprF</i>: 100%). However, pre-antibiotic era strain genomes did not encode for <i>tet</i>, thus implying antimicrobial selective pressures in <i>C. perfringens</i> evolutionary history over the past 80 years. This study provides new genomic understanding of this genetically divergent multi-host bacterium, and further expands our knowledge on this medically and veterinary important pathogen.",2017,Frontiers in microbiology,pfas,unspecified,unspecified,unspecified,unspecified,cosmetics product study
27623734,Consumer Product Chemicals in Indoor Dust: A Quantitative Meta-analysis of U.S. Studies.,"Indoor dust is a reservoir for commercial consumer product chemicals, including many compounds with known or suspected health effects. However, most dust exposure studies measure few chemicals in small samples. We systematically searched the U.S. indoor dust literature on phthalates, replacement flame retardants (RFRs), perfluoroalkyl substances (PFASs), synthetic fragrances, and environmental phenols and estimated pooled geometric means (GMs) and 95% confidence intervals for 45 chemicals measured in ≥3 data sets. In order to rank and contextualize these results, we used the pooled GMs to calculate residential intake from dust ingestion, inhalation, and dermal uptake from air, and then identified hazard traits from the Safer Consumer Products Candidate Chemical List. Our results indicate that U.S. indoor dust consistently contains chemicals from multiple classes. Phthalates occurred in the highest concentrations, followed by phenols, RFRs, fragrance, and PFASs. Several phthalates and RFRs had the highest residential intakes. We also found that many chemicals in dust share hazard traits such as reproductive and endocrine toxicity. We offer recommendations to maximize comparability of studies and advance indoor exposure science. This information is critical in shaping future exposure and health studies, especially related to cumulative exposures, and in providing evidence for intervention development and public policy.",2016,Environmental science & technology,pfas,skin,unspecified,unspecified,unspecified,unclassified
24367824,Determination of perfluorinated compounds (PFCs) in various foodstuff packaging materials used in the Greek market.,"Perfluorinated compounds (PFCs) are used in food packaging materials as coatings/additives for oil and moisture resistance. In the current study, foodstuff-packaging materials collected from the Greek market, made of paper, paperboard or aluminum foil were analyzed for the determination of PFCs. For the analysis of the samples, pressurized liquid extraction (PLE), liquid chromatography–tandem mass spectrometry (LC–MS/MS) and isotope dilution method were applied to develop a specific and sensitive method of analysis for the quantification of 12 PFCs: perfluorobutanoic acid (PFBA), perfluoropentanoic acid (PFPeA), perfluorohexanoic acid (PFHxA), perfluoroheptanoic acid (PFHpA), perfluorooctanoic acid (PFOA), perfluorononanoic acid (PFNA), perfluorodecanoic acid (PFDA), perfluoroundecanoic acid (PFUnDA), perfluorododecanoic acid (PFDoA), perfluorobutane sulfonate (PFBS), perfluorohexane sulfonate (PFHxS) and perfluorooctane sulfonate (PFOS) and the qualitative detection of 5 more: perfluorotridecanoic acid (PFTrDA), perfluorotetradecanoic acid (PFTeDA), perflyohexadecanoic acid (PFHxDA), perfluorooctadecanoic acid (PFODA) and perfluorodecane sulfonate (PFDS). No PFCs were quantified in aluminum foil wrappers, baking paper materials or beverage cups. PFTrDA, PFTeDA and PFHxDA were detected in fast food boxes. In the ice cream cup sample only PFHxA was found. On the other hand, several PFCs were quantified and detected in fast food wrappers, while the highest levels of PFCs were found in the microwave popcorn bag. PFOA and PFOS were not detected in any of the samples. Compared to other studies from different countries, very low concentrations of PFCs were detected in the packaging materials analyzed. Our results suggest that probably no serious danger for consumers’ health can be associated with PFCs contamination of packaging materials used in Greece.",2014,Chemosphere,pfas,unspecified,unspecified,unspecified,unspecified,skin/topical study | analytical/method study
23932147,Occurrence of perfluorinated carboxylic acids (PFCAs) in personal care products and compounding agents.,"Perfluorinated carboxylic acids (PFCAs), including perfluorooctanoic acid (PFOA), are persistent organic pollutants that pose human health risks. However, sources of contamination and exposure pathways of PFCAs have not been explored. In this study, PFCA concentrations were quantified in personal care products. Among 24 samples that listed fluorinated compounds, such as polyfluoroalkyl phosphate esters (PAPs), in their international nomenclature of cosmetic ingredients (INCI) labels, 21contained PFCAs (13 of 15 cosmetic samples, and 8 of 9 sunscreen samples). The concentrations of total PFCAs ranged from not detected to 5.9 μg g(-1) for cosmetics and from not detected to 19 μg g(-1) for sunscreens. We also investigated components of PFCAs in cosmetics and sunscreens. Commercially available compounding agents, mica and talc, which were treated with PAPs were analyzed and high concentrations of PFCAs were detected (total PFCAs 2.5 μg g(-1) for talc treated with PAPs, 35.0 μg g(-1) for mica treated with PAPs). To the best of our knowledge, this is the first report on contamination of end consumer products containing PAPs with high concentrations of PFCAs.",2013,Chemosphere,pfas,unspecified,unspecified,sunscreen,unspecified,cosmetics product study | sunscreen/UV filter study
23760203,[A case of anaphylaxis due to rose-flavored soft-serve ice cream with pollen food allergy syndrome].,"We experienced a 10-year-old boy who had anaphylaxis after eating rose-flavored soft-serve ice cream. The patient felt a sense of discomfort in his throat when eating apple, peach, loquat, Japanese pear, and kiwi fruit. Therefore, we measured specific IgE antibodies to allergen components by ImmunoCAP ISAC. Consequently, the patient gave positive results for all PR-10 proteins from birch, alder, hazel, apple, peach, peanut, hazelnut, and soybean, so we diagnosed him with Pollen Food Allergy Syndrome (PFAS) induced by cross reactivity with pollens of birch family and fruits of rose family. When we conducted the skin prick test as is for red rose syrup because of the belief that anaphylaxis was caused by the rose ingredient contained in rose-flavored soft-serve ice cream, the patient gave a strong positive result. However, the results were negative for rose essence and Food Red No. 2 contained. Subsequently, it was found that red rose syrup contained apple juice. Therefore, we conducted the prick-prick test for apple, and the patient was confirmed to be strongly positive to apple. We thus identified apple as the cause of anaphylaxis. Since there is no legal obligation of labeling specific raw materials when directly selling manufactured and processed food products to general consumers, it is possible for general consumers to mistakenly take them in without knowing the containment of allergic substances. It is believed that the labeling method should be improved in the future.",2013,Arerugi = [Allergy],pfas,skin | immune system,unspecified,unspecified,unspecified,skin/topical study | clinical/hospital study | food/dietary exposure
22265653,Determination of perfluorooctane sulfonate and perfluorooctanoic acid in food packaging using liquid chromatography coupled with tandem mass spectrometry.,"This research aimed to monitor the amounts of PFOS and PFOA in food packaging and study the migration of PFOS and PFOA from food packaging, using a saliva simulant and pressurized liquid extraction (PLE) technique. Liquid chromatography coupled with tandem mass spectrometry (LC-MS/MS) was employed to determine residues of PFOS and PFOA by using a gradient reversed-phase method with ammonium acetate/acetonitrile buffer. A good linearity was established for PFOS and PFOA in a range of 0.05-10 μgL(-1), with R2 ≥ 0.9998. Of the samples extracted by methanol, the highest concentration of PFOS was found in fast-food container samples, at a level of 92.48 ng dm(-2). For PFOA, the highest concentration in samples extracted by methanol was found in ice cream cup samples, at a level of 16.91 ng dm(-2). The amounts of PFOS and PFOA that migrated from food packaging samples through contact with saliva simulant were 4.80 and 4.55 ng dm(-2), respectively. Saliva simulant could leach PFOS and PFOA from the group of the thickest paper samples (≤1 dm2 g(-1)) at levels of 7.01 and 6.41 ng dm(-2), respectively, indicating that paper with greater thickness and less area might release larger quantities of coated/added PFOS or PFOA.",2012,Journal of hazardous materials,pfas,unspecified,unspecified,unspecified,unspecified,skin/topical study | analytical/method study
