pmid,title,abstract,pub_year,journal,toxicant,organs,health_effects,products,ingredients,inference,relevant,relevance_reason
41824932,"Evaluating 1,4-Dioxane Exposure in Long Island, New York: Integrating Environmental, Biological, and Metabolomic Measures.","1,4-Dioxane (1,4-DX), found in solvents and personal care products, is a potential carcinogen with limited exposure data. Tap water, blood samples, and interviews were collected from 92 residents of Long Island, New York, an area with historically high 1,4-DX drinking water concentrations. We assessed the relationship between water and blood 1,4-DX concentrations, evaluated exposure determinants, and compared metabolomic profiles by exposure status. 1,4-DX was detected in 32% of water and 24% of blood samples; 24% of water samples exceeded New York's Maximum Contaminant Level (MCL) of 1 μg/L. Water and blood 1,4-DX concentrations were not correlated (<i>r</i> = -0.11, <i>p</i> = 0.32). Older homes (built <1960) and those without a whole-house treatment system were more likely to have detectable 1,4-DX in tap water (<i>p</i> < 0.05). Water consumption and personal care product use were not associated with blood 1,4-DX. Metabolomic analyses revealed small but significant differences in redox and energy metabolism among those with and without detectable water 1,4-DX (fold change <20%, false-discovery-rate-corrected <i>p</i> < 0.05). The lack of correlation between 1,4-DX in paired water and blood samples suggests other exposure sources or differing time windows captured by sample types. Larger studies could clarify exposure determinants and metabolomic impacts to better assess the potential health burden of 1,4-DX.",2026,Environmental science & technology,dioxane,blood,carcinogenicity,unspecified,unspecified,cosmetics product study | biomonitoring study | food/dietary exposure,,
39842039,Unraveling the Role of Polyoxometalates-Based Superchaotropes on the Photophysics of Organic Molecules and Modulation of Water Dynamics in a Hydrophilic Block Copolymer Solution.,"Polyoxometalates (POMs) are composed of nanometric metal-oxide anions and have rich solution chemistry. In this class, Keggin POMs have been identified as the most influential inorganic additives for aqueous nonionic soft matter systems. POMs being at the borderline of classical ions and charged colloids possess fascinating solution properties; the present work aims to delve deeper into the interactions between nanoions and nonionic soft matters from a spectroscopic point of view. Our studies reveal that although of the same structural makeup, silicotungstic acid hydrate (SiW) and phosphotungstic acid hydrate (PW) affect the photophysics of Coumarin-480 (C-480) in poly(ethylene oxide)-<i>block</i>-poly(propylene oxide)-<i>block</i>-poly(ethylene oxide) ((PEO)<sub>76</sub>-(PPO)<sub>30</sub>-(PEO)<sub>76</sub>, F-68) copolymeric media in a dissimilar manner. From time-resolved studies, we find a preference for SiW toward the intramolecular charge transfer state of C-480, whereas PW favors the locally emissive state of the probe. Further, from rotational relaxation studies, it appears that SiW renders a rigid environment around the probe molecule, while PW relaxes the copolymeric environment. Finally, the dynamic quenching mechanism of the added nanoions was unraveled, which showed a straightforward Förster mechanism for SiW but a short-range interaction was operative for PW. From Fourier transform infrared and <sup>1</sup>H NMR, it can be concluded that both the nanoions interacted with the PPO moiety of the copolymer; yet, their contrasting effect on the photophysics has been rationalized as a consequence of charge density on the ions.",2025,Langmuir : the ACS journal of surfaces and colloids,dioxane,unspecified,unspecified,unspecified,unspecified,cosmetics product study,,
39726116,"Enhancing Quasi-Solid-State Lithium-Metal Battery Performance: Multi-Interlayer, Melt-Infused Lithium and Lithiophilic Coating Strategies for Interfacial Stability in Li||VS<sub>2</sub>-DSGNS-LATP|PEO-PVDF||NMC622-Al<sub>2</sub>O<sub>3</sub> Systems.","The development of quasi-solid-state lithium metal batteries (QSSLMBs) is hindered by inadequate interfacial contact, poor wettability between electrodes and quasi-solid-state electrolytes, and significant volume changes during long-term cycling, leading to safety risks and cataclysmic failures. Here, we report an innovative approach to enhance interfacial properties through the <i>in situ</i> construction of QSSLMBs. A multilayer design integrates a microwave-synthesized Li<sub>1.3</sub>Al<sub>0.3</sub>Ti<sub>1.7</sub>(PO<sub>4</sub>)<sub>3</sub> (LATP) ceramic electrolyte, which is surface-coated with a lithiophilic conductive ink comprising VS<sub>2</sub> and disulfonated functionalized graphene nanosheets (VS<sub>2</sub>-DSGNS) using a low-cost nail-polish binder. Subsequently, a few drops of LiPF<sub>6</sub> in EC/DMC liquid electrolyte (LE) are impregnated into the uncoated side of the LATP surface. The quasi-solid-state electrolyte pellet of LATP-VS<sub>2</sub>-DSGNS surface was allowed to be in contact with the molten Li and held until Li flowed into the LATP-VS<sub>2</sub>-DSGNS surface completely <i>via</i> a ""melt-infusion strategy"" as an anode side. Additionally, a heterogeneous polymer matrix consisting of poly(ethylene oxide) (PEO) and poly(vinylidene difluoride) (PVDF) as a polymer interlayer is fabricated using a solution casting technique for improving the wettability between the LE impregnated side of LATP and cathode, to enhance overall charge transfer kinetics. The assembled symmetric cells, Li||LATP-VS<sub>2</sub>-DSGNS||Li and Li||PEO-PVDF/LE-LATP||Li, demonstrate high lithium-ion conductivities of 3.69 × 10<sup>-4</sup> and 1.02 × 10<sup>-3</sup> S cm<sup>-1</sup>, respectively, with impressive lithium-ion transfer numbers of 0.84 and 0.93 at 25 °C. Both cells exhibit a highly reversible lithium stripping/plating cycling process for over 600 h, with minimal voltage polarization of 10 and 31.6 mV, across a broad redox window (-1 to 6 V), effectively inhibiting lithium dendrite formation. Furthermore, the combination of a surface-modified Al<sub>2</sub>O<sub>3</sub> dry-coated, high-nickel NMC622 cathode with the PEO-PVDF|LATP-VS<sub>2</sub>-DSGNS||Molten-Li architecture in a CR2032 coin-type full-cell delivers a galvanostatic discharge capacity of 130.6 mAh g<sup>-1</sup> at a 1C rate after 200 cycles, achieving 84.3% capacity retention, thereby demonstrating substantial reduction in interfacial resistance and enhanced stable battery performance of QSSLMBs.",2025,ACS applied materials & interfaces,dioxane,liver,unspecified,unspecified,unspecified,no cosmetics context,,
39490404,"RIFM fragrance ingredient safety assessment, 2-butyl-4,4,6-trimethyl-1,3-dioxane, CAS registry number 54546-26-8.",,2024,Food and chemical toxicology : an international journal published for the British Industrial Biological Research Association,dioxane,unspecified,unspecified,unspecified,unspecified,unclassified,,
39346818,Biocompatible Native Hyaluronan Nanofibers Fabricated via Aqueous PEO-Assisted Electrospinning and Heat-Quench Process.,"Hyaluronan (HA) is widely used in cosmetic and biomedical applications due to its excellent biocompatibility and potential to promote wound healing. Nanofibrous HA, mimicking the extracellular matrix (ECM), is considered promising for therapeutic and cosmetic applications. However, the electrospinning process of HA often necessitates cytotoxic solvents and chemical modifications, compromising its biocompatibility and advantageous properties. In this study, poly(ethylene oxide) (PEO) was added to an aqueous solution of natural HA to improve its spinnability, enabling HA to be electrospun into fibers. The HA was rendered water-insoluble by treatment with an acidic solution, and the amorphized PEO, achieved by heat-quenching, was removed through water washing. This method distinguishes it from previous reports of fibers blended with PEO or other water-soluble polymers. Consequently, the resulting HA gel fibers demonstrated suitability for mesenchymal stem cell adhesion due to the exposure of HA on the fiber surface. Additionally, HA fibers were successfully applied directly onto the skin using a hand-held electrospinning device, indicating the potential for point-of-care and home use applications.",2024,ACS omega,dioxane,skin,unspecified,unspecified,unspecified,cosmetics product study | clinical/hospital study,,
38941500,"Validation and Collaborative Studies of Headspace Gas Chromatography-Mass Spectrometry for Determination of 1,4-Dioxane in Cosmetic Samples.","1,4-Dioxane (1,4-D) is a byproduct of the synthesis of surfactants, typically found in some cosmetics products such as shampoo, toothpaste, and soap. The presence of 1,4-D in cosmetics products is limited to a certain amount since 1,4-D is classified as a probable human carcinogen. This present study was intended to validate static headspace gas chromatography-mass spectrometry (HS GC-MS) for the determination of 1,4-D in cosmetics products. The condition of HS and GC-MS was optimized to get the best condition for analysis of 1,4-D using 1,4-dioxane-d8 (1,4-D-d8) as internal standard (IS). The developed method was validated by evaluating the key performance characteristics, including specificity, linearity, limit of detection (LoD), limit of quantification (LoQ), accuracy, and precision. The results showed that HS GC-MS was specific since the peaks of the selected ion monitoring (SIM) mode could be separated and confirmed at m/z 88 and m/z 96 for 1,4-D and 1,4-D-d8, respectively. The method was linear over the concentration range of 0.1287-1.2875 µg/mL, with R2 > 0.999 and RSD residuals <2.0. A collaborative study was conducted on this method, with 10 participating laboratories from four countries. The outcome of this study was found to be accurate and precise, as evidenced by the excellent recoveries ranging from 94.6% to 102.1%, and with good reproducibility with RSD values ranging from 0.2 to 1.1%. The collaborative studies exhibited that all data reported by 10 participating laboratories in four countries were inliers without any extreme values observed either in mean or RSD values. HS GC-MS is found to be fit and suitable for the determination of trace level of 1,4-D in cosmetics products. The HS GC-MS method could be proposed as a standard method for quantitative analysis of 1,4-D in cosmetics products since the collaborative studies indicated that the developed method meet the requirement in ""Guidelines for Collaborative Study Procedures to Validate Characteristics of a Method of Analysis.""",2024,Journal of AOAC International,dioxane,unspecified,carcinogenicity,shampoo | soap | toothpaste,unspecified,cosmetics product study | hair product study | analytical/method study,,
37593218,Benefits of topical indigo naturalis nanofibrous patch on psoriatic skin: A transdermal strategy for botanicals.,"Indigo naturalis (IN) has been extensively used as a topical treatment for psoriasis. However, clinical applications of IN in ointment were hampered by its limited transdermal efficiency and dark stains. To address the aforementioned issues, nanopatches carrying IN were fabricated using poly(ε-caprolactone, PCL)/poly(ethylene oxide, PEO) and topically applied to psoriasiform skin. The ideal ratio of 5% PCL/PEO was established to be 80:20 (w/w), and 15% IN as payload was confirmed. Investigations on the three principal active components of IN release indicated that indirubin and tryptanthrin were released in bursts, while indigo was released in a limited and controlled manner. Further biological analyses confirmed a favorable biocompatibility of amphiphilic IN-PCL/PEO, which coincided with the intended therapeutic outcomes as measured by severity index scoring and pathological evaluations <i>in vivo</i>. The advantages of IN as nanopatches over ointment could be due to improved transdermal distribution of indirubin and tryptanthrin, resulting in effective management of epidermal hyperplasia and blood vessel remodeling. Meanwhile, due to the lower preservation of epidermal indigo, IN-PCL/PEO nanopatches caused no skin coloration. Similarly, during a 4-week topical treatment of IN-PCL/PEO nanopatches, the safety and anti-psoriatic benefits were obtained in an initial human test. The conversion of IN from topical cream to electrospun nanofibers opens up new avenues for bench-to-bedside translation of this herbal therapy and provides mechanistic insight into IN's roles in the management of psoriasis.",2023,Materials today. Bio,dioxane,skin | blood,unspecified,unspecified,unspecified,skin/topical study | clinical/hospital study,,
36641172,Structure and dynamics of the hyaluronan oligosaccharides and their solvation shell in water: organic mixed solvents.,"Hyaluronan (HA) is a natural polysaccharide occurring ubiquitously in the connective tissues of vertebrates widely used in the cosmetic and pharmaceutic industries. In numerous applications HA oligosaccharides are being chemically modified using reactions incompatible with aqueous solutions, often carried out in water:organic mixed solvents. We carry out molecular-dynamics (MD) simulations of HA oligosaccharides in water:1,4-dioxane and water:tert-butanol mixtures of different compositions. HA molecule causes a separation of the solvent components in its surroundings, especially in tert-butanol containing solutions, constituting thus a solvation shell enriched by water. Furthermore, interactions with ions are stronger than in pure water and depend on the solvent composition. Consequently, the dynamics of the HA chain varies with the solvent composition and causes observable conformational changes of the HA oligosaccharide. Composition of mixed solvents thus enables us to modify the interaction of HA with other molecules as well as its reactivity.",2023,Carbohydrate polymers,dioxane,unspecified,unspecified,unspecified,unspecified,cosmetics product study,,
36437676,"Air concentrations of volatile organic compounds associated with conventional and ""green"" cleaning products in real-world and laboratory settings.","The use of household cleaning products can result in exposure to potentially hazardous volatile and semi-volatile organic compounds (VOCs and SVOCs). ""Green"" cleaning products have become increasingly available, but there is no official ""green"" standard, and it is difficult for consumers to know what chemicals they may be exposed to while cleaning. We measured air concentrations of 46 VOCs and SVOCs of concern released from conventional and ""green"" cleaning products during both real-world household cleaning and a controlled chamber environment, with a focus on chemicals that might increase women's risk of breast cancer, including possible carcinogens, reproductive/developmental toxicants, or endocrine disruptors. Air samples were analyzed using gas chromatography-mass spectrometry and high-performance liquid chromatography. First, in a study of 50 women cleaning their own homes using either conventional or ""green"" cleaning products, we recorded the products used and collected air samples from the breathing zone to determine whether specific products or types of products were associated with increased concentrations of specific VOCs and SVOCs. The results showed that women who used conventional bleach products, disinfecting wipes, and dish soap had higher breathing zone air concentrations of several VOCs, including chloroform, carbon tetrachloride, hexaldahyde, and 1,4-dioxane, than women who did not use these products. While fewer ""green"" products were associated with increases in VOC air concentrations, use of ""green"" all-purpose cleaners was associated with increases in air concentrations of some fragrance chemicals of concern. In the laboratory, we then selected 9 of the most common conventional products and 7 ""green"" products used in the in-home study for measurement of the same VOCs using a continuous stirred cylindrical flow-through chamber. We found that 75% of the highest VOC emissions were emitted by conventional cleaning products, but we also identified VOC emissions of concern from green products. VOC emissions in the chamber largely agreed with the modeled associations from real-world cleaning.",2022,Indoor air,dioxane,breast,endocrine disruption | carcinogenicity,soap,unspecified,analytical/method study,,
36395391,Confirmation of the full conversion of ethylene oxide to 2-chloroethanol in fumigated foodstuffs: possible implications for risk assessment.,"This study describes the extension of a gas chromatography mass spectrometry (GC-MS) method, initially devoted to the analysis of ethylene oxide (EO) in ice cream, to a larger range of food items including herbs, spices, vegetables, inorganic salts, food supplements, thickeners, etc. Results are reported as EO<sub>Total</sub> according to EC 2015/868 definition (expressed as EO equivalents as the sum of native EO and 2-chloroethanol (2-CE) after acidic hydrolysis) with a limit of quantification at 0.01 mg/kg regardless of the food item. Its ruggedness was demonstrated through fortification experiments on hundreds of samples. Re-analysis of 146 positive food samples without hydrolysis demonstrated that not EO but 2-CE is the predominant analyte detected in the different processed ingredients suspected to have been previously treated with EO. A series of eight contaminated dried herbs and spices were also re-analysed by four ISO 17025 accredited commercial laboratories making use of different analytical strategies for EO determination in foods. Each laboratory reported EO<sub>Total</sub> levels within the same concentration range, but the resulting reproducibility ranged from 23% to 41% depending on the sample. Additionally, we show that results of free EO from methods based on conversion to 2-iodoethanol may lead to artefactual detection of native EO (false positive). An official method of analysis applicable for different food matrices would be useful to avoid discrepancies of results. Altogether, these data re-enforce the fact that in absence of native EO in food items, risk assessment of EO in foodstuffs should consider the predominance of 2-CE. A toxicological risk assessment using the food additive xanthan gum as a case study is discussed.",2023,"Food additives & contaminants. Part A, Chemistry, analysis, control, exposure & risk assessment",dioxane,unspecified,unspecified,unspecified,unspecified,skin/topical study | food/dietary exposure | analytical/method study,,
35868761,The centrifugal spinning of vitamin doped natural gum fibers for skin regeneration.,"The study investigates the use of fiber carriers, based on biopolymeric gums as potential candidates for cosmetic and dermatological applications, in particular for skin regeneration. Gum arabic (GA), xanthan gum (XA), and gum karaya (GK) were used as the main gum materials for the fibers, which were prepared by centrifugal spinning from an aqueous solution. These solutions of different mass gum ratios were blended with poly (ethylene oxide) (PEO) for better spinnability. Finally, vitamins E and C were added to selected solutions of gums. The resulting fibers were extensively investigated. The morphology and structure of all fibers were investigated by scanning electron microscopy and Fourier transformed infrared spectroscopy. Most importantly, they were characterized by the release of vitamin E loaded in the fibers using UV-VIS spectroscopy. The presentation will show that the newly prepared fibers from GA and PEO represent a very promising material for cosmetic and dermatologic applications.",2022,Carbohydrate polymers,dioxane,skin,unspecified,unspecified,vitamin E,cosmetics product study,,
35865592,"A novel, highly sensitive electrochemical 1,4-dioxane sensor based on reduced graphene oxide-curcumin nanocomposite.","1,4-Dioxane is a carcinogenic, non-biodegradable, organic water pollutant which is used as a solvent in various industries. It is also formed as an undesired by-product in the cosmetic and pharmaceutical industry. Given its carcinogenicity and ability to pollute, it is desirable to develop a sensitive and selective sensor to detect it in drinking water and other water bodies. Current works on this sensor are very few and involve complex metal oxide composite systems. A sensitive electrochemical sensor for 1,4-dioxane was developed by modifying a glassy carbon electrode (GCE) with a reduced graphene oxide-curcumin (rGO-CM) nanocomposite synthesized by a simple solution approach. The prepared rGO-CM was characterized by X-ray Diffraction (XRD), Fourier Transform Infrared (FTIR) Spectroscopy, Raman spectroscopy, UV-Vis spectroscopy, and Scanning Electron Microscopy (SEM). The rGO-CM/GCE sensor was employed for the detection of 1,4-dioxane in the range of 0.1-100 μM. Although, the detection range is narrower compared to reported literature, the sensitivity obtained for the proposed sensor is far superior. Moreover, the limit of detection (0.13 μM) is lower than the dioxane detection target defined by the World Health Organization (0.56 μM). The proposed rGO-CM/GCE also showed excellent stability and good recovery values in real sample (tap water and drinking water) analysis.",2022,RSC advances,dioxane,unspecified,carcinogenicity,unspecified,unspecified,cosmetics product study | food/dietary exposure,,
35817256,"RIFM fragrance ingredient safety assessment, 2,5,5-trimethyl-2-phenyl-1,3-dioxane, CAS Registry Number 5406-58-6.",,2022,Food and chemical toxicology : an international journal published for the British Industrial Biological Research Association,dioxane,unspecified,unspecified,unspecified,unspecified,unclassified,,
35341828,"RIFM fragrance ingredient safety assessment, 2,4,6-trimethyl-4-phenyl-1,3-dioxane, CAS Registry Number 5182-36-5.",,2022,Food and chemical toxicology : an international journal published for the British Industrial Biological Research Association,dioxane,unspecified,unspecified,unspecified,unspecified,unclassified,,
35130549,RP-18 TLC and Computational Descriptors of Skin Permeability of Sunscreens.,"The relationships between the reversed-phase thin layer chromatographic retention parameters obtained on octadecyl-modified silica (RP-18) sorbent for mobile phases containing water and one of six water-miscible organic modifiers (acetone, methanol, acetonitrile, tetrahydrofurane, N,N-dimethylformamide, 1,4-dioxane) and skin permeability coefficients were studied for a group of 21 cosmetic raw materials, mainly organic sunscreens and preservatives. The correlations between the skin permeability coefficients log Kd calculated in silico using EpiSuite software and the RP-18 thin layer chromatographic retention parameters are mostly linear, especially for compounds of lower-to-medium lipophilicity. It was established that skin permeability coefficient models based on retention parameters collected for mobile phases containing acetone or dioxane (75% v/v), proposed for structurally unrelated cosmetic raw materials are also applicable to other actives, as shown using a test set of compounds whose in vivo log Kd data are available. Skin permeability models developed in this study have the benefit of being based on easily obtained, chromatographic descriptors and their applicability extends beyond cosmetic chemistry.",2022,Skin pharmacology and physiology,dioxane,skin,unspecified,sunscreen,unspecified,cosmetics product study | sunscreen/UV filter study | analytical/method study,,
35048912,"Amine-substituent induced highly selective and rapid ""turn-on"" detection of carcinogenic 1,4-dioxane from purely aqueous and vapour phase with novel post-synthetically modified d<sup>10</sup>-MOFs.","Herein, an amine decorated Cd(II) metal-organic framework (MOF) with a uninodal 6-c topology was synthesized as a suitable platform for facile post-synthetic modification (PSM). The as-synthesized parent d<sup>10</sup>-MOF (1) with free -NH<sub>2</sub> centers, when functionalized with two different carbonyl substituents (1-naphthaldehyde and benzophenone) of varying conjugation, produces two novel luminescent MOFs (LMOFs) <i>viz.</i>PSM-1 and PSM-2. The judicious incorporation of carbonyl substituents into the skeleton of 1 was rationalized <i>via</i> ESI-MS, <sup>1</sup>H-NMR, FT-IR and PXRD analyses. Interestingly, both PSM-1 and PSM-2 show 'turn-on' luminescent behaviour in the presence of 1,4-dioxane with the limit of detection (LOD) as 1.079 ppm and 2.487 ppm, respectively, with prompt response time (∼55 s & ∼58 s, respectively). The inhibition of PET is comprehended to be the prime reason for luminescence enhancement upon interaction with the targeted analyte which was further validated from DFT calculations. In continuation, the <b>PSM-MOFs</b> were equally responsive towards 1,4-dioxane in several complex environmental matrices and cosmetic products. Additionally, vapor phase detection of 1,4-dioxane using <b>PSM-MOFs</b> has also been demonstrated as an additional advantage ensuring propagation of future research endeavour.",2022,"Dalton transactions (Cambridge, England : 2003)",dioxane,unspecified,carcinogenicity,unspecified,unspecified,cosmetics product study,,
34883208,Formulation of acyclovir (core)-dexpanthenol (sheath) nanofibrous patches for the treatment of herpes labialis.,"Topically applied antiviral creams and patches are the commercially available options for the treatment of herpes labialis. The nanofibrous patches could be a new direction in the formulation. The project aimed to formulate core-shell type nanofibrous scaffolds loaded with dexpanthenol (shell) and acyclovir (core). To achieve the fast dissolution of the antiviral agent, hydroxypropyl-beta-cyclodextrin was used as a complexation agent. The further aim was to study the prepared electrospun scaffolds' morphological- and physicochemical properties and antiviral activity. The fibrous samples were prepared by electrospinning using polyvinylpyrrolidone (PVP) as a shell, hypromellose (HPMC), and poly(ethylene oxide)(PEO) composite or poly(vinyl alcohol) (PVA) as a core polymer. The morphology of the prepared sample was studied by scanning electron microscopy (SEM), transmission electron microscopy (TEM), and Raman spectroscopy. The SEM photos showed that fibrous structures were obtained. In the case of the PVA/PVP composition, the desired structure was obtained. While when HPMC-PEO was used as a core, the core-shell structure could not be observed. The Raman measurements revealed the mixed fibre structure of this sample. All of the fibrous samples released about 100% of acyclovir and also the dexpanthenol within 20 min. Coaxially electrospun fibres of different compositions were successfully prepared with various structural homogeneities, furthermore, a better antiviral activity could be achieved compared to the commercially available Zovirax cream.",2022,International journal of pharmaceutics,dioxane,unspecified,unspecified,unspecified,unspecified,skin/topical study,,
34477495,Analysis of ethylene oxide in ice creams manufactured with contaminated carob bean gum (E410).,"Residues of ethylene oxide (EO), a banned fumigant in the EU, were found at amounts above the maximum residue limit (MRL) in carob (locust) bean gum (additive E410). The pesticide entered the food chain via stabiliser blends that are used as minor ingredients in the manufacture of ice cream. Consequently, all products that contained the non-compliant ingredient were withdrawn or recalled in several countries across the EU, in most cases irrespective of whether the pesticide residue was detectable or not in the final product. This is the first report of a reliable method to determine EO and its metabolite/marker compound 2-chloroethanol (2-CE), either together or independently in ice cream, with a limit of quantification at 0.01 mg EO/kg and recovery in the range of 87-104% across the levels investigated (0.01, 0.02 and 0.06 mg EO/kg). The method applies QuEChERS extraction and isotope dilution gas chromatography coupled with tandem mass spectrometry (GC-MS/MS). High resolution mass spectrometry (HRMS) confirmed the specificity of low mass ions. Data on the stability of EO and 2-CE under thermal conditions revealed that 2-CE is relatively stable in an ice cream matrix (ca. 80% recovery of spiked material). Importantly, this study also demonstrates that not EO, but 2-CE is the predominant analyte detected in the contaminated samples, which is new information of significance in terms of the overall risk assessment of EO in foodstuffs.",2021,"Food additives & contaminants. Part A, Chemistry, analysis, control, exposure & risk assessment",dioxane,unspecified,unspecified,unspecified,unspecified,skin/topical study | analytical/method study,,
34468180,"Changes in Latina Women's Exposure to Cleaning Chemicals Associated with Switching from Conventional to ""Green"" Household Cleaning Products: The LUCIR Intervention Study.","Household cleaning products may be a significant source of chemical exposures, including carcinogens and suspected endocrine disruptors. We characterized exposures during routine household cleaning and tested an intervention to reduce exposures to cleaning product chemicals. The Lifting Up Communities with Interventions and Research (LUCIR) Study is a youth-led, community-based intervention project. Youth researchers conducted personal air monitoring with 50 Latina women while they cleaned their homes with their regular cleaning products (preintervention visit) and then 1 week later while they used ""green"" cleaning products provided by the study (postintervention visit). Air samples were analyzed for volatile and semivolatile organic compounds using gas chromatography-mass spectrometry and high-performance liquid chromatography. We compared pre- and postintervention air concentrations of 47 chemicals of concern, selected because they were on California's Proposition 65 list of carcinogens or reproductive/developmental toxicants or were suspected endocrine disruptors. Youth researchers were integrally involved in the study design, data collection, interpretation, and dissemination of findings. We observed statistically significant decreases in air concentrations of 17 chemicals of concern when participants switched to green cleaning products, including decreases in geometric mean concentrations of 1,4-dioxane (<math xmlns=""http://www.w3.org/1998/Math/MathML""><mrow><mo>-</mo><mn>46.4</mn><mo>%</mo></mrow></math>), chloroform (<math xmlns=""http://www.w3.org/1998/Math/MathML""><mrow><mo>-</mo><mn>86.7</mn><mo>%</mo></mrow></math>), benzene (<math xmlns=""http://www.w3.org/1998/Math/MathML""><mrow><mo>-</mo><mn>24.8</mn><mo>%</mo></mrow></math>), naphthalene (<math xmlns=""http://www.w3.org/1998/Math/MathML""><mrow><mo>-</mo><mn>40.3</mn><mo>%</mo></mrow></math>), toluene (<math xmlns=""http://www.w3.org/1998/Math/MathML""><mrow><mo>-</mo><mn>24.2</mn><mo>%</mo></mrow></math>), and hexane (<math xmlns=""http://www.w3.org/1998/Math/MathML""><mrow><mo>-</mo><mn>35.5</mn><mo>%</mo></mrow></math>). We observed significant increases in air concentrations of three fragrance compounds: the plant-derived terpene, beta-myrcene (221.5%), and the synthetic musks celestolide (31.0%) and galaxolide (79.6%). Almost all participants (98%) said the replacement products worked as well as their original products, and 90% said that they would consider buying the replacement products in the future. This study demonstrates that choosing cleaning products that are marketed as green may reduce exposure to several carcinogens and endocrine disruptors. Future studies should determine whether use of unscented green products would further reduce exposure to terpenes and musks. https://doi.org/10.1289/EHP8831.",2021,Environmental health perspectives,dioxane,unspecified,endocrine disruption | carcinogenicity,unspecified,unspecified,analytical/method study,,
33989995,Evaluation of drug-likeness and ADME properties of sunscreens and preservatives using reversed-phase thin layer chromatographic retention data and calculated descriptors.,"RP-18 TLC chromatography was used to evaluate the pharmacokinetic properties (volume of distribution, V<sub>D</sub>; plasma protein binding, %PPB; the ability to cross the blood-brain barrier expressed as log PS and log BB) of several cosmetic raw materials - sunscreen and preservatives. The majority of these compounds are intended for topical use on skin and their drug-likeness and the ability to cross biological barriers are undesired. The retention parameters R<sub>M</sub><sup>0</sup>, S, PC<sub>1</sub> and R<sub>M</sub><sup>75 %</sup> obtained for mobile phases containing six organic modifiers (methanol, acetonitrile, THF, acetone, dioxane, DMF) were used as the sole descriptors or combined with calculated physicochemical properties (PSA, M<sub>W</sub>, V<sub>M</sub>) of studied compounds. The chromatographic parameters considered in this study are, generally speaking, good predictors of the compounds' pharmacokinetic properties V<sub>D</sub>, %PPB and log PS. R<sub>M</sub><sup>75 %</sup> and the novel parameters derived from it (R<sub>M</sub><sup>75 %</sup>/M<sub>W</sub> and R<sub>M</sub><sup>75 %</sup>/V<sub>M</sub>) can be considered time- and cost-effective alternatives to the chromatographic parameters obtained by extrapolation or interpolation methods. In the case of some pharmacokinetic properties investigated in this study additional descriptors (PSA) have a significant influence on the quality of correlations.",2021,Journal of pharmaceutical and biomedical analysis,dioxane,skin | brain | blood,unspecified,sunscreen,unspecified,cosmetics product study | sunscreen/UV filter study | skin/topical study | analytical/method study,,
33873066,RP-18 TLC retention data and calculated physico-chemical parameters as predictors of soil-water partition and bioconcentration of organic sunscreens.,"RP-18 TLC chromatography was used to evaluate the impact on the environment (mobility in soil expressed as soil-water partition coefficient, log K<sub>oc</sub>; bioconcentration factor in aquatic organisms, log BCF) of several cosmetic raw materials - sunscreens, preservatives and vitamins. The retention parameters R<sub>M</sub><sup>0</sup> (R<sub>M</sub> extrapolated to zero concentration of an organic modifier in a mobile phase), S (slope), PC<sub>1</sub> (1st principal component) and R<sub>M</sub><sup>75%</sup> (single TLC run parameter for mobile phases containing 75% (v/v) of an organic modifier) obtained for six organic modifiers (methanol, acetonitrile, THF, acetone, dioxane, DMF) were used as the sole descriptors or combined with calculated physico-chemical properties (PSA - polar surface area; M<sub>W</sub> - molecular weight; V<sub>M</sub> - molar volume) of studied compounds. The chromatographic parameters considered in this study are, generally speaking, good predictors of the compounds' mobility in soil or the affinity for aquatic organisms. The parameters R<sub>M</sub><sup>0</sup>, S and R<sub>M</sub><sup>75%</sup> obtained for THF, dioxane and acetone may be used to investigate even very lipophilic compounds. R<sub>M</sub><sup>75%</sup> is of a little bit limited use but it should be considered a time- and cost-effective alternative to the chromatographic parameters obtained by extrapolation or interpolation methods. In the case of some environmental parameters investigated in this study additional descriptors (PSA) have a significant influence on the quality of correlations.",2021,Chemosphere,dioxane,unspecified,unspecified,sunscreen,unspecified,cosmetics product study | sunscreen/UV filter study | analytical/method study,,
33481298,An overview on the conversion of glycerol to value-added industrial products via chemical and biochemical routes.,"Glycerol is a common by-product of industrial biodiesel syntheses. Due to its properties, availability, and versatility, residual glycerol can be used as a raw material in the production of high value-added industrial inputs and outputs. In particular, products like hydrogen, propylene glycol, acrolein, epichlorohydrin, dioxalane and dioxane, glycerol carbonate, n-butanol, citric acid, ethanol, butanol, propionic acid, (mono-, di-, and triacylglycerols), cynamoil esters, glycerol acetate, benzoic acid, and other applications. In this context, the present study presents a critical evaluation of the innovative technologies based on the use of residual glycerol in different industries, including the pharmaceutical, textile, food, cosmetic, and energy sectors. Chemical and biochemical catalysts in the transformation of residual glycerol are explored, along with the factors to be considered regarding the choice of catalyst route used in the conversion process, aiming at improving the production of these industrial products.",2022,Biotechnology and applied biochemistry,dioxane,unspecified,unspecified,unspecified,glycerin | propylene glycol | citric acid,cosmetics product study | industrial/occupational,,
33465462,"RIFM fragrance ingredient safety assessment, spiro[bicyclo[4.1.0]heptane-2,5'-[1,3]dioxane], 2',2',3,7,7-pentamethyl-, (1α,3α,6α)-, CAS Registry number 121251-67-0.",,2021,Food and chemical toxicology : an international journal published for the British Industrial Biological Research Association,dioxane,unspecified,unspecified,unspecified,unspecified,unclassified,,
32290946,"[Determination of 1, 4-dioxane in aerosol cosmetic by new isotope dilution-headspace gas chromatography-mass spectrometry].","To develop a simple, fast and sensitive analytical method based on isotope dilution-headspace gas chromatography-mass spectrometry for the determination of 1, 4-dioxane residue in the aerosol cosmetics. Sample was successive weighed and dissolved in 1, 3-dimehyl-2-imidazolidinone(DMI)solvent and isotope internal standard was added. Then transfered to a 20 mL headspace vial. The headspace vial was sealed and extracted 15 min by ultrasonic-assisted extraction. After separated by HP-5 MS fused silica capillary column(30 m×25 mm, 0. 25 μm), the compound was analyzed by gas chromatography-mass spectrometry in selected ion monitoring mode(GC-MS-SIM) and quantified by internal standard method. There were good linear correlations with R~2 no less than 0. 999 in the range of 1. 0-100 mg/kg. The limit of detection(LOD) of this method was 0. 3 mg/kg. At 0. 3, 1. 0, 5. 0 and 30 mg/kg four added concentration, recovery for five kinds of aerosol cosmetic were all between 91. 4% and 104. 2%. The relative standard deviations(RSDs) were 1. 5%-6. 3% and 1. 7%-6. 4%(n=6), respectively. The developed method has proved convenient, time-saving, accurate and sensitive and suited for determination 1, 4-dioxane in aerosol cosmetic.",2020,Wei sheng yan jiu = Journal of hygiene research,dioxane,unspecified,unspecified,unspecified,unspecified,cosmetics product study | analytical/method study,,
32251326,"Solvent extraction and gas chromatography-mass spectrometric determination of probable carcinogen 1,4-dioxane in cosmetic products.","In the present work, a method based on solvent extraction and gas chromatography-mass spectrometry (GC-MS) has been validated for the determination of 1,4-dioxane in cosmetics. Various solvents including ethyl acetate, hexane, methanol, dichloromethane and acetone have been used for the extraction of 1,4-dioxane, among them the ethyl acetate was found to be the most efficient extracting solvent. This method has offered excellent quality parameters for instance linearity (R<sup>2</sup> > 0.9991), limit of detection (LOD, 0.00065-0.00091 µg/mL), limit of quantification (LOQ, 0.00217-0.00304 µg/mL) and, precision intra-day (1.65-2.60%, n = 5) and inter-day (0.16-0.32%, n = 5) in terms of relative standard deviation (RSD%). A total of thirty-nine cosmetic samples of different brands and origin have been studied. Among them, the 1,4-dioxane was found in twenty-three samples (FB<sub>1</sub>-FB<sub>7</sub>, MC<sub>1</sub>-MC<sub>4</sub>, MC<sub>6</sub>-MC<sub>8</sub>, HS<sub>3</sub>, HS<sub>5</sub>, BL<sub>1</sub>-BL<sub>3</sub>, BL<sub>5</sub> and PLD<sub>1</sub>-PLD<sub>3</sub>) at the levels between 0.15 µg/mL and 9.92 µg/mL, whereas in sixteen samples (MC<sub>5</sub>, HS<sub>1</sub>, HS<sub>2</sub>, SG<sub>1</sub>-SG<sub>5</sub>, BL<sub>4</sub> and HP<sub>1</sub>- HP<sub>6</sub>) was found to be not detected. The recovery values were achieved between 93% and 99% in both low and high level of spiked samples. In comparison to the traditional analytical techniques, the proposed method was found to be very sensitive and cost-effective for the routine analysis of 1,4-dioxane at low concentration in cosmetics.",2020,Scientific reports,dioxane,unspecified,carcinogenicity,unspecified,unspecified,cosmetics product study | analytical/method study,,
32228961,Rutin-loaded cellulose acetate/poly(ethylene oxide) fiber membrane fabricated by electrospinning: A bioactive material.,"Considering its health benefits, rutin provides promising applications in the pharmaceutical and cosmetic industries. However, the low bioavailability and low water solubility limit its application and remain to be resolved. In this study, cellulose acetate/poly(ethylene oxide) (CA/PEO) fiber was used as carrier for releasing it to relieve these problems. Bioactive fiber membrane was prepared by mixing it with CA/PEO solution. The surface morphology, encapsulation efficiency, antioxidant activity, antibacterial, and drug release of the rutin-loaded fiber membranes were studied. And the characteristics of the membranes were evaluated by the molecular interaction, thermal stability and mechanical properties. The results reveal that the fiber membrane loaded with 1.2 wt% rutin exhibited antioxidant activity of 98.3% and antibacterial properties of 93.5% and 95.0% against E. coli and S. aureus, respectively. Rutin release profiles were best fitted to Korsmeyer-Peppas model, and the fiber membrane released about 90% of rutin after 4 h. This indicates that rutin-loaded CA/PEO fiber membrane is a potential bioactive material.",2020,"Materials science & engineering. C, Materials for biological applications",dioxane,eye,oxidative stress,unspecified,unspecified,cosmetics product study,,
31405575,"The determination of 1,4-dioxane in cosmetic products by gas chromatography with tandem mass spectrometry.","1,4-dioxane is a potential human carcinogen and contaminant produced during the manufacturing process from specific cosmetic ingredients, such as certain detergents and emulsifiers. As such, 1,4-dioxane is not identified on product ingredient labels. To assess the concentration of 1,4-dioxane in cosmetic products, a gas chromatography-tandem mass spectrometry (GC-MS/MS) method using pulsed split injection and electron ionization was developed and validated. For liquid cosmetic products such as shampoo and lotion, test portions were extracted using fast ultrasound-assisted extraction (UAE) procedure without sample cleanup. For solid products (e.g. beauty bars), a C<sub>18</sub> solid phase extraction (SPE) procedure was optimized to reduce potential interferences. The corresponding stable isotopically labeled analogue (1,4-dioxane-d<sub>8</sub>) was selected as an internal standard to compensate for matrix effects and sample recovery. Method recovery experiments were performed in lotion, oil gel, hair detangler, bubble bath and beauty bar (solid) sample matrices with recoveries of 84-108% and relative standard deviations less than 5% at three spike concentrations. Method limits of detection (LOD) and quantification (LOQ) for 1,4-dioxane were determined at 0.2 μg/g and 0.5 μg/g, respectively. The method was successfully used to determine 1,4-dioxane in 82 leave-on and rinse-off cosmetic products marketed toward children including bath products, hair treatment, lotions, beauty bars, washes, shampoos, and other products. 1,4-dioxane was detected in 47 of the 82 products with an average concentration of 1.54 μg/g (range: 0.23-15.3 μg/g). The method can increase sample throughput and reduce matrix-induced interferences.",2019,Journal of chromatography. A,dioxane,unspecified,carcinogenicity,shampoo | body wash,unspecified,cosmetics product study | hair product study | skin/topical study | analytical/method study,,
30909033,An insight into toxicity and human-health-related adverse consequences of cosmeceuticals - A review.,"In recent years, the use of cosmeceutical-based personal care and beauty products has ever increased, around the world. Currently, an increasing number of compounds are being assimilated in the formulation of cosmetic products as preservatives, fragrances, surfactants, etc. to intensify the performance, quality, value, and lifespan of cosmetics. Nevertheless, many of these chemical additives pose toxic effects to the human body, exhibiting health risks from a mild hypersensitivity to life-threatening anaphylaxis or lethal intoxication. Therefore, the indiscriminate application of cosmeceuticals has recently become a mounting issue confronting public health. The present review focuses on exposure to a large variety of toxic substances used in cosmetic formulations such as 1,4-dioxane formaldehyde, paraformaldehyde, benzalkonium chloride, imidazolidinyl urea, diazolidinyl urea, trace heavy metals, parabens derivatives, phthalates, isothiazolinone derivatives (methylchloroiso-thiazolinone, and methylisothiazolinone), methyldibromo glutaronitrile, and phenoxy-ethanol. The biological risks related to these substances that they can pose to human health in terms of cytotoxicity, genotoxicity, mutagenicity, neurotoxicity oestrogenicity or others are also discussed. Researchers from academia, consultancy firms, governmental organizations, and cosmetic companies should carry out further progress to keep updating the consumers regarding the dark-sides, and health-related harmful apprehensions of cosmetics. In addition, the industry-motivated initiatives to abate environmental impact through green, sustainable and eco-friendly product development grasp significant perspective.",2019,The Science of the total environment,dioxane,brain,endocrine disruption | neurotoxicity | genotoxicity,unspecified,unspecified,cosmetics product study,,
30820197,"Immediate hypersensitivity to polyethylene glycols in unrelated products: when standardization in the nomenclature of the components of drugs, cosmetics, and food becomes necessary.","Polyethylene glycols (PEGs) and their derivatives are non-ionic polymers of ethylene oxide commercially available with numerous synonyms, such as macrogol, oxyethylene polymer, and laureth-9. Although these polymers are usually safe, mild to life-threatening immediate-type hypersensitivity reactions have been reported. Nevertheless, awareness about their allergic potential is minimal due to the non-standardization of their nomenclature. We present the case of a 29-years-old woman who developed several local and systemic type I hypersensitivity reactions including a severe anaphylactic reaction to different pharmacologic and cosmetic products whose excipients included PEG. Prick tests and basophil activation tests were performed to several pharmacological and cosmetic products, but only those containing PEGs and their derivatives were positive. The patient was diagnosed with immediate hypersensitivity IgE-mediated to PEGs and its derivatives. Standardization of the terminology used to describe the presence of PEGs in products would help patients to identify them clearly and unequivocally and thus avoid the development of hypersensitivity reactions. It is also recommended studying PEG allergy in reactions to products containing PEGs, once allergy to the active ingredients has been excluded and in reactions to multiple unrelated drugs.<i>Clinical study protocol number</i> PI2018/29 (registered on 24 September 2018).",2019,"Allergy, asthma, and clinical immunology : official journal of the Canadian Society of Allergy and Clinical Immunology",dioxane,immune system,unspecified,unspecified,unspecified,cosmetics product study | clinical/hospital study,,
30559416,The molecular structure of plant sporopollenin.,"Sporopollenin is a ubiquitous and extremely chemically inert biopolymer that constitutes the outer wall of all land-plant spores and pollen grains<sup>1</sup>. Sporopollenin protects the vulnerable plant gametes against a wide range of environmental assaults, and is considered a prerequisite for the migration of early plants onto land<sup>2</sup>. Despite its importance, the chemical structure of plant sporopollenin has remained elusive<sup>1</sup>. Using a newly developed thioacidolysis degradative method together with state-of-the-art solid-state NMR techniques, we determined the detailed molecular structure of pine sporopollenin. We show that pine sporopollenin is primarily composed of aliphatic-polyketide-derived polyvinyl alcohol units and 7-O-p-coumaroylated C16 aliphatic units, crosslinked through a distinctive dioxane moiety featuring an acetal. Naringenin was also identified as a minor component of pine sporopollenin. This discovery answers the long-standing question about the chemical make-up of plant sporopollenin, laying the foundation for future investigations of sporopollenin biosynthesis and for the design of new biomimetic polymers with desirable inert properties.",2019,Nature plants,dioxane,unspecified,unspecified,foundation,unspecified,cosmetics product study,,
29878772,Unexpected Rheological Behavior of a Hydrophobic Associative Shellac-Based Oligomeric Food Thickener.,"Sodium shellac constituted of a ""surfactant"" monomer, which is sensitive to shear stress, exhibits shear-thickening behavior at a low concentration (5 wt %), and reacts with H<sup>+</sup> to retain transient high viscosity under shear, is introduced in this study. The steady shear flow test proved that, under a high shear rate, sodium shellac suspension could change from Newtonian fluid to continuous shear-thickening non-Newtonian fluid. The dynamic oscillation test suggested that the sodium shellac solution at low concentrations (0.1 and 1 wt %) under a low shear rate behaved as the viscous fluid ( G″ > G'), and the solution at high concentrations (5, 10, and 15 wt %) behaved as the elastic fluid ( G″ < G'). Moreover, a high shear rate caused a cross-linking point between the G″ and G' curve. At a low concentration, it could be the sol-gel point. At a high concentration, it could be the gel-sol point. All of these transforming points were related to the interaction between the sodium clusters. This interaction should be the hydrophobic association between the particles. To prove the assumption, hydrophilic polymer poly(ethylene oxide) (PEO) was employed as the disrupting factor to the hydrophobic association. As expected, the shear-thickening behavior vanished after mixing with PEO, which verified our assumption. On the other hand, the high viscosity of the suspension under shear could be retained by reaction with H<sup>+</sup> to solidify the transient hydroclusters under shear. Meanwhile, sodium shellac had great potential as the functional shear thickener, which could modify the rheological property of the polymer with carboxyl groups, e.g., pectin, alginate, or poly(acrylic acid). Thus, this natural and green thicker has great potential in food, medical gel, green adhesive, or cosmetic products.",2018,Journal of agricultural and food chemistry,dioxane,unspecified,unspecified,unspecified,unspecified,cosmetics product study,,
28921693,Liquid-Cell Electron Microscopy of Adsorbed Polymers.,"Individual macromolecules of polystyrene sulfonate and poly(ethylene oxide) are visualized with nanometer resolution using transmission electron microscopy (TEM) imaging of aqueous solutions with and without added salt, trapped in liquid pockets between creased graphene sheets. Successful imaging with 0.3 s per frame is enabled by the sluggish mobility of the adsorbed molecules. This study finds, validating others, that an advantage of this graphene liquid-cell approach is apparently to retard sample degradation from incident electrons, in addition to minimizing background scattering because graphene windows are atomically thin. Its new application here to polymers devoid of metal-ion labeling allows the projected sizes and conformational fluctuations of adsorbed molecules and adsorption-desorption events to be analyzed. Confirming the identification of the observed objects, this study reports statistical analysis of datasets of hundreds of images for times up to 100 s, with variation of the chemical makeup of the polymer, the molecular weight of the polymer, and the salt concentration. This observation of discrete polymer molecules in solution environment may be useful generally, as the findings are obtained using an ordinary TEM microscope, whose kind is available to many researchers routinely.",2017,"Advanced materials (Deerfield Beach, Fla.)",dioxane,unspecified,unspecified,unspecified,unspecified,cosmetics product study,,
27239978,"Determination of residual 1,4-dioxane in surfactants and cleaning agents using headspace single-drop microextraction followed by gas chromatography-flame ionization detection.","Polyethoxylated surfactants are widely used in the formulation of different cleaning agents such as shampoo, dish washing and hand washing products and lotion formulation. During the production of polyethoxylated surfactants, 1,4-dioxane as a toxic and carcinogenic by-product is formed. A simple low-cost method based on headspace single-drop microextraction combined with gas chromatography-flame ionization detection was developed for the determination of 1,4-dioxane in surfactants and cleaning agents. In this method, 1,4-dioxane was extracted from 8.0 mL sample solution into a microdrop of an organic solvent, and then, it was injected to gas chromatography. The effects of such parameters as the solvent type, salt addition, microdrop volume, stirring rate, equilibrium time, extraction time and the temperature of sample solution on the extraction performance were studied and optimized. An ethoxylated surfactant containing 1,4-dioxane was used as the sample for the optimization of the extraction parameters. The linear range, determination coefficient, limit of detection and relative standard deviation of the method were 0.5-100 μg g<sup>-1</sup> , 0.9977, 0.4 μg g<sup>-1</sup> and 7.2% (n = 5), respectively. Different real samples including sodium lauryl ether sulphate, sodium lauryl sulphate (SLS), four brands of shampoo, and hand washing and dish washing liquids were analysed by the method. 1,4-Dioxane was detected at the concentration range of 2.4-201 μg g<sup>-1</sup> in the samples, except dish washing liquid and SLS. A new method with the merits of simplicity, low cost, low organic solvent consumption, short analysis time, good repeatability and suitable detection limit was developed for the analysis of 1,4-dioxane in surfactants and cleaning agents.",2017,International journal of cosmetic science,dioxane,unspecified,carcinogenicity,shampoo,Sodium Lauryl Sulfate / Sodium Laureth Sulfate,hair product study | skin/topical study | analytical/method study,,
26724700,Effect of surfactant phase behavior on emulsification.,"In order to improve our understanding of the effects that the equilibrium phase behavior and structure of amphiphiles have on the emulsification process and the properties of emulsions stabilized by these amphiphiles, we have exploited the known phase behavior of polyoxyethylene-polyoxypropylene-polyoxyethylene (POE-POP-POE) amphiphilic block copolymers (Pluronics) in the presence of two immiscible solvents. Specifically, we considered ternary systems consisting of Pluronic F38, L64, P84, P104, or L121 with water and p-xylene which exhibit a very rich phase behavior, including a variety of water-continuous and oil-continuous lyotropic liquid crystalline (LLC) phases. We prepared emulsions having the same (final) compositions but through different emulsification paths, and evaluated the emulsions on the basis of homogeneity and droplet size. We found finer and more homogenous emulsions to result when O/lamellar gel structures (as revealed by small-angle X-ray scattering) were formed during the emulsification process, or when the emulsification path traversed the lamellar LLC phase. This can be attributed to the favorable properties of the lamellar structure: high oil solubilization capacity with concurrent facile dispersibility in water, relatively low interfacial tension, and relatively low viscosity. The findings reported here are relevant to the preparation of emulsions for diverse applications such as skin-care products, pharmaceuticals, food products, coatings, inks, agrochemicals, oil dispersants, and nanomaterials synthesis.",2016,Journal of colloid and interface science,dioxane,skin,unspecified,unspecified,unspecified,no cosmetics context,,
26191379,Safety Evaluation of Polyethylene Glycol (PEG) Compounds for Cosmetic Use.,"Polyethylene glycols (PEGs) are products of condensed ethylene oxide and water that can have various derivatives and functions. Since many PEG types are hydrophilic, they are favorably used as penetration enhancers, especially in topical dermatological preparations. PEGs, together with their typically nonionic derivatives, are broadly utilized in cosmetic products as surfactants, emulsifiers, cleansing agents, humectants, and skin conditioners. The compounds studied in this review include PEG/PPG-17/6 copolymer, PEG-20 glyceryl triisostearate, PEG-40 hydrogenated castor oil, and PEG-60 hydrogenated castor oil. Overall, much of the data available in this review are on PEGylated oils (PEG-40 and PEG-60 hydrogenated castor oils), which were recommended as safe for use in cosmetics up to 100% concentration. Currently, PEG-20 glyceryl triisostearate and PEGylated oils are considered safe for cosmetic use according to the results of relevant studies. Additionally, PEG/PPG-17/6 copolymer should be further studied to ensure its safety as a cosmetic ingredient.",2015,Toxicological research,dioxane,skin,unspecified,conditioner,unspecified,cosmetics product study | skin/topical study,,
25940957,Polycation-sodium lauryl ether sulfate-type surfactant complexes: influence of ethylene oxide length.,"Polyelectrolyte-surfactant complexes (PESC) are a class of materials which form spontaneously by self-assembly driven by electrostatic and hydrophobic interactions. PESC containing sodium lauryl ether sulfates (SLES) have found wide application in hair care products like shampoo. Typically, SLES with only one or two ethylene oxide (EO) groups are used for this application. We have studied the influence of the size of the EO block (ranging from 0 to 30 EO groups) on complexation with two model polycations: linear polyDADMAC and branched PEI. PESC size and electrostatic properties were determined during stepwise titration of buffered polycation solutions. The critical aggregation concentration (CAC) of PESC was determined by surface tension measurements and fluorescence spectroscopy. For polyDADMAC, there is no influence of the size of the EO block on the complexation behavior; the stiff polycation governs the structure formation. For PEI, it was seen that the EO block size does affect the structure of the complexes. The CAC value of the investigated complexes turns out to be rather independent of the EO block size; however, the CMC/CAC ratio decreases with increasing size of the EO block. This latter observation explains why the Lochhead-Goddard effect is most effective for small EO blocks.",2015,The journal of physical chemistry. B,dioxane,unspecified,unspecified,shampoo,Sodium Lauryl Sulfate / Sodium Laureth Sulfate,hair product study,,
25840273,A slow-release system of bacterial cellulose gel and nanoparticles for hydrophobic active ingredients.,"A combination of bacterial cellulose (BC) gel and amphiphilic block copolymer nanoparticles was investigated as a drug delivery system (DDS) for hydrophobic active ingredients. Poly(ethylene oxide)-b-poly(caprolactone) (PEO-b-PCL) and retinol were used as the block copolymer and hydrophobic active ingredient, respectively. The BC gel was capable of incorporating copolymer nanoparticles and releasing them in an acetic acid-sodium acetate buffer solution (pH 5.2) at 37 °C. The percentage of released copolymer reached a maximum value of approximately 60% after 6h and remained constant after 24h. The percentage of retinol released from the copolymer-containing BC gel reached a maximum value at 4h. These results show that the combination of BC gel and nanoparticles is a slow-release system that may be useful in the cosmetic and biomedical fields for skin treatment and preparation.",2015,International journal of pharmaceutics,dioxane,skin | liver,unspecified,unspecified,retinol,cosmetics product study,,
25644946,"1,3-Propanediol production by new recombinant Escherichia coli containing genes from pathogenic bacteria.","1,3-Propanediol (1,3-PDO) is an organic compound, which is a valuable intermediate product, widely used as a monomer for synthesizing biodegradable polymers, increasing their strength; as well as an ingredient of textile, cosmetic and medical products. 1,3-PDO is mostly synthesized chemically. Global companies have developed technologies for 1,3-PDO synthesis from petroleum products such as acrolein and ethylene oxide. A potentially viable alternative is offered by biotechnological processes using microorganisms capable of synthesizing 1,3-PDO from renewable substrates (waste glycerol, a by-product of biofuel production, or glucose). In the present study, genes from Citrobacter freundii and Klebsiella pneumoniae were introduced into Escherichia coli bacteria to enable the synthesis of 1,3-PDO from waste glycerol. These strains belong to the best 1,3-PDO producers, but they are pathogenic, which restricts their application in industrial processes. The present study involved the construction of two gene expression constructs, containing a total of six heterologous glycerol catabolism pathway genes from C. freundii ATCC 8090 and K. pneumoniae ATCC 700721. Heterologous genes encoding glycerol dehydratase (dhaBCE) and the glycerol dehydratase reactivation factor (dhaF, dhaG) from C. freundii and gene encoding 1,3-PDO oxidoreductase (dhaT) from K. pneumoniae were expressed in E. coli under the control of the T7lac promoter. An RT-PCR analysis and overexpression confirmed that 1,3-PDO synthesis pathway genes were expressed on the RNA and protein levels. In batch fermentation, recombinant E. coli bacteria used 32.6gl(-1) of glycerol to produce 10.6 gl(-1) of 1,3-PDO, attaining the efficiency of 0.4 (mol₁,₃-PDO molglycerol(-1)). The recombinant E. coli created is capable of metabolizing glycerol to produce 1,3-PDO, and the efficiency achieved provides a significant research potential of the bacterium. In the face of shortage of fossil fuel supplies and climate warming there is an increasing industrial need to exchange the chemical way of chemicals synthesis for biotechnological - more ecological manner. The 1,3-PDO production from glycerol is an desirable alternative to the traditional production from non-renewable resources. This work is a part of project, which opens a way to development of innovative ""green chemistry"" and new perspectives to chemical industry.",2015,Microbiological research,dioxane,unspecified,unspecified,unspecified,glycerin,cosmetics product study | industrial/occupational,,
28911452,A review of quality surveillance projects on cosmetics in Taiwan.,"The Food and Drug Administration in Taiwan is responsible for the quality regulation and control of cosmetics. In order to have a clear understanding of the trends in the product quality monitoring outcomes and the regulatory control measures over the past years, this study has put together the reports of nine cosmetic surveillance projects conducted between 1982 and 2012. The findings can be used as a reference in developing a more solid quality monitoring plan and management system for cosmetic products. Results show that permanent wave products, hair dye products, and phthalate esters in cosmetic products have the highest average noncompliance rates at 39.2%, 14.2%, and 11.2%, respectively. These are followed by the average noncompliance rates of mercury in products, sunscreen products, and microorganisms in products, at 8.5%, 7.1%, and 5.5%, respectively, and the remaining three projects averaging below 4.1%. Since 1997, when new standards were announced and assistance to manufacturers was reinforced, the noncompliance rates of permanent wave products decreased annually, until 2007, when it was fully qualified for the standards. Overall, the study showed that the noncompliance rates of permanent wave products and for levels of phthalate esters, mercury, and hydroquinone in cosmetic products have all decreased in the previous years. The results of surveillance projects conducted after 2005 revealed only one noncompliance sample with lead, arsenic, and cadmium, whereas the surveillance projects on permanent wave products and chloroform- and 1,4-dioxane-containing products revealed full compliance with regulation standards. However, the noncompliance rates for microorganisms in cosmetics and the ingredients in hair dye products and sunscreen products were still high. These high-risk products must be monitored. These surveillance projects are conducted to ensure the safety of cosmetics in the market.",2014,Journal of food and drug analysis,dioxane,unspecified,unspecified,sunscreen | hair dye,unspecified,cosmetics product study | sunscreen/UV filter study | hair product study,,
25163475,Safety Assessment of PEGylated oils as used in cosmetics.,"PEGylated oil is a terminology used to describe cosmetic ingredients that are the etherification and esterification products of glycerides and fatty acids with ethylene oxide. The Cosmetic Ingredient Review Expert Panel (Panel) considered the safety of PEGylated oils, which function primarily as surfactants in cosmetic products. The Panel reviewed relevant animal and human data provided in this safety assessment and concluded that the 130 chemically related PEGylated oils were safe as cosmetic ingredients in the present practices of use and concentration when formulated to be nonirritating.",2014,International journal of toxicology,dioxane,unspecified,unspecified,unspecified,unspecified,cosmetics product study,,
25052592,A review of selected chemical additives in cosmetic products.,"The addition of chemical additives to consumer cosmetic products is a common practice to increase cosmetic effectiveness, maintain cosmetic efficacy, and produce a longer-lasting, more viable product. Recently, manufacturers have come under attack for the addition of chemicals including dioxane, formaldehyde, lead/lead acetate, parabens, and phthalate, as these additives may prove harmful to consumer health. Although reports show that these products may indeed adversely affect human health, these studies are conducted using levels of the aforementioned chemicals at much higher levels of exposure than those found in cosmetic products. When cosmeceuticals are used as per manufacturer's instructions, it is estimated that the levels of harmful additives found in these products are considerably lower than reported toxic concentrations.",2014,Dermatologic therapy,dioxane,unspecified,unspecified,unspecified,unspecified,cosmetics product study,,
24694726,Relationship between everyday use cosmetics and female breast cancer.,"Data of the European Cancer Registries indicate that the incidence of breast cancer, which is the most common cancer among women, tends to increase not only in postmenopausal but also in very young women. The potential causes of breast cancer are genetic predisposition, long -term hormonal replacement therapy, alcohol, environmental pollution, and possibly modern lifestyle. The controversial results of several studies suggest that certain everyday-use products (including cosmetic ingredients) may be linked to breast cancer. Some of these ingredients, such as ethylene oxide, have recently been classified by the International Agency for Research for Cancer as carcinogenic and mutagenic to humans, with sufficient evidence of carcinogenicity for breast cancer. Other ingredients, such as xenoestrogens, are chemicals which have an estrogen -like effect or disrupt the normal metabolism of the natural estrogen and thus act as carcinogens. Some of them have been shown to result in DNA damage in animal and human mammary epithelial cells and, therefore, have the potential to generate genomic instability in the breast tissue. Examples of xenoestrogens with such properties include parabens, aluminium salts, phthalates, or bisophenol A. No sufficient epidemiological data on humans have been published so far, and the effects of a mixture of chemicals to which women are exposed during lifetime on the incidence of breast cancer have not been investigated. However, the results of the available studies emphasize the need for analysis of adverse environmental factors, which, in addition to a genetic predisposition and natural aging, may contribute to the increased incidence of breast cancer.",2014,Polskie Archiwum Medycyny Wewnetrznej,dioxane,breast,endocrine disruption | carcinogenicity | genotoxicity,unspecified,unspecified,cosmetics product study | epidemiological study,,
24010351,[Determination of dioxane residue in cosmetics by isotope dilution-headspace gas chromatography-mass spectrometry].,"A comprehensive analytical method based on isotope dilution-headspace gas chromatography-mass spectrometry was developed for the determination of dioxane residue in the cosmetics. Cosmetic sample (2 g) was placed in a headspace vial. Then, 1 g sodium chloride, 1 mL d8-dioxane solution (20 mg/L) and 9 mL water were added. The vial was sealed and heated at 70 degrees C for 40 min. The qualitative and quantitative analyses were carried out for the analyte in selected ion monitoring (SIM) mode after the chromatographic separation on an HP-5MS column (30 m x 0.25 mm x 0.25 microm). The limit of quantification (LOQ) for dioxane was 2.5 mg/kg. The mean recoveries were 90.5% - 104.0% at the spiked levels of 2.5 - 50 mg/kg with the relative standard deviations in the range of 1.26% - 3.98%. The method is accurate, simple, rapid, and applicable for the inspection of dioxane residue in cosmetics.",2013,Se pu = Chinese journal of chromatography,dioxane,unspecified,unspecified,unspecified,unspecified,cosmetics product study | analytical/method study,,
23859116,"Development of analytical method for determination of 1,4-dioxane in cleansing products.","1,4-Dioxane is a toxic by-product formed during the synthesis of surfactants used in finished cosmetic products. There are no set permissible levels of toxic impurities in finished cosmetic products in Japan. In this study, we have established a simple and sufficiently precise analytical method to determine the activity of 1,4-dioxane in finished cosmetic cleansing products. This method involves the standard addition approach and headspace-gas chromatography/mass spectrometry without pre-conditioning. Fifteen cleansing products that are sold in the Japanese market, such as shampoo, hand soap, and dishwashing liquid, were analyzed, and 1,4-dioxane was detected at a concentration of a few micrograms per gram of the product in almost all of them. The concentration of 1,4-dioxane in two dishwashing liquid products was high. The maximum concentration of 1,4-dioxane in all of the cleansing products was below 10 μg g(-1) , which is a limit that is thought to be safe and technically achievable through the application of good manufacturing practices. Since 1,4-dioxane is formed during the synthesis of polyoxyethylene ether sulfate, it was detected at high concentrations in cleansing products that contained a lot of polyoxyethylene ether sulfate. Control of the synthesis of polyoxyethylene ether sulfate can be effective in reducing the concentration of 1,4-dioxane in cleansing products.",2013,International journal of cosmetic science,dioxane,unspecified,unspecified,shampoo | soap,unspecified,cosmetics product study | hair product study | analytical/method study,,
21780391,Electrospun polyethylene oxide (PEO) nanofibers containing cyclodextrin inclusion complex.,"In this study, we obtained functional electrospun nanofibers containing stable fragrance/flavor molecule facilitated by cyclodextrin inclusion complexation. Menthol was used as a model fragrance/flavor molecule and we have electrospun poly(ethylene oxide) (PEO) nanofibers containing cyclodextrin-menthol inclusion complexes (CD-menthol-IC). We used two different solvent systems; water and water:ethanol and three types of CDs; alpha-CD, beta-CD and gamma-CD in order to find the optimal performance for the stabilization of menthol at high temperatures. We observed that the solvent system used for electrospinning process and the types of CDs (alpha-CD, beta-CD and gamma-CD) are very important to obtain CD-menthol-IC which ultimately determines the durability and temperature stability of menthol in the PEO nanofibrous web. We found out that it is better to use water rather than the water:ethanol solvent system for the inclusion complexation and additionally beta-CD and gamma-CD are most favorable choices since they are able to form complexation with menthol in the water solvent system. Despite the high volatility nature of menthol, our results demonstrated that the stability and temperature release of menthol was sustained to a very high and a broad temperature range (100 degrees C-250 degrees C) for PEO nanowebs containing CD-menthol-IC whereas the PEO nanofibers without CD and without CD-menthol complex could not preserve menthol even during storage. In brief, the results are very encouraging and open up for a variety of new exciting possibilities for the development of multi-functional electrospun nanofibers containing cyclodextrin inclusion complexes.",2011,Journal of nanoscience and nanotechnology,dioxane,unspecified,unspecified,unspecified,unspecified,unclassified,,
20716018,Interest of glycolipids in drug delivery: from physicochemical properties to drug targeting.,"The need for new products derived from natural sources for the replacement of the commonly used non-ionic surfactants containing ethylene oxide units with degradable carbohydrate headgroups has become an important area of research. Glycolipids offer a wide range of applications in the pharmaceutical and cosmetic fields and can compete with the most commonly used surfactants. Involved in molecular recognition mechanisms at the surface of cells, glycolipids are also used for drug targeting. The structure and pharmaceutical applications of the main glycolipid categories are summarized. The review focuses on marketed glycolipids, biosurfactants and compounds developed at laboratory scale for applications such as self-assembly or drug targeting. This article aims to provide an overview of the different sugar-based surfactant classes and their potential uses. Beside their use as surfactants or absorption enhancers in basic formulations, glycolipids can build gels, niosomes, hexosomes and cubosomes, whose structure is directly related to lyotropic properties. These systems allow solubilization and entrapment of drugs. In innovative delivery systems, glycolipids are also used for drug targeting because their sugar moieties can be specifically recognized by carbohydrate-binding proteins exposed at the surface of cells.",2010,Expert opinion on drug delivery,dioxane,liver,unspecified,unspecified,unspecified,cosmetics product study,,
20552692,Chromium(VI) oxide oxidation of non-ethoxylated and ethoxylated alcohols for determination by electrospray ionization mass spectrometry.,"A new derivatization procedure to increase the sensitivity of electrospray ionization mass spectrometry (ESI-MS) to non-ethoxylated and ethoxylated alcohols was investigated. The analytes were oxidized with chromium(VI) oxide and the resulting carboxylic and ethoxy-carboxylic acids were isolated by extraction with ethyl acetate; the extracts were alkalinized and infused into the ESI-MS system working in the negative-ion mode. The yields of the combined oxidation-extraction were ca. 100% for non-ethoxylated fatty alcohols dissolved in acetone and they decreased moderately in samples containing increasing amounts of water (e.g., a 75% yield was obtained with 50% water). Ethoxylated alcohols with more than two ethylene oxide units resulted in yields of ca. 60%. Low limits of detection (LODs) were obtained when the procedure was applied to the analysis of body-care products and cosmetics containing fatty alcohols, e.g., in a varicose-vein cream, the LODs were 25 microg cetyl alcohol and 7.5 microg stearyl alcohol (detected as palmitic acid and stearic acid, respectively) per gram of sample. High molecular mass alcohols were also detected in seawater after pre-concentration by solid-phase extraction. Thus, the proposed method is particularly valuable for use in industrial samples having complex matrices and in environmental samples and it is competitive with other methods for the analysis of trace amounts of fatty alcohols.",2010,Rapid communications in mass spectrometry : RCM,dioxane,unspecified,unspecified,unspecified,unspecified,cosmetics product study | skin/topical study | industrial/occupational | analytical/method study,,
20444463,"Development of a solid-phase microextraction gas chromatography with microelectron-capture detection method for the determination of 5-bromo-5-nitro-1,3-dioxane in rinse-off cosmetics.","5-Bromo-5-nitro-1,3-dioxane (bronidox) is a bromine-containing preservative often used in rinse-off cosmetics but also subjected to several restrictions according to the European Cosmetic Products Regulation. Thus, as a part of a quality control procedure, analytical methods for the determination of this compound in different types of cosmetics are required. In the present work, a solvent-free and simple methodology based on solid-phase microextraction (SPME) followed by gas chromatography with microelectron capture detection (GC-μECD) has been developed and validated for the determination of bronidox in cosmetic samples such as shampoos, body cleansers or facial exfoliants. As far as we know, this is the first application of SPME to this preservative. Negative matrix effects due to the complexity of the studied samples were reduced by dilution with ultrapure water. The influence of several factors on the SPME procedure such as fiber coating, extraction temperature, salt addition (NaCl) and sampling mode has been assessed by performing a 2(4)-factorial design. After optimization, the recommended procedure was established as follows: direct solid-phase microextraction (DSPME), using a PDMS/DVB coating, of 10 mL of diluted cosmetic with 20% NaCl, at room temperature, under stirring for 30 min. Using these suggested extraction conditions, linear calibration could be achieved, with limits of detection (LOD) and quantification (LOQ) well below the maximum authorized concentration (0.1%) established by the European legislation. Relative standard deviations (RSD) lower than 10% were obtained for both within a day and among days precision. The method was applied to diverse types of formulations spiked with bronidox at different concentration levels (0.008-0.10%); these samples were quantified by external calibration and satisfactory recoveries (≥ 70%) were obtained in all cases. Finally, the SPME-GC-μECD methodology was applied to the analysis of several cosmetics labeled or not as containing bronidox. The presence of this preservative in some of these samples was confirmed by GC-MS.",2010,Journal of chromatography. A,dioxane,unspecified,unspecified,shampoo,unspecified,cosmetics product study | hair product study | industrial/occupational | analytical/method study,,
19435371,"Ordered mesoporous Sb-, Nb-, and Ta-doped SnO2 thin films with adjustable doping levels and high electrical conductivity.","This paper describes the synthesis and electrical properties of self-organized Sb-, Nb-, and Ta-doped SnO(2) thin films with adjustable doping levels. These transparent conducting oxides (TCOs) were prepared using a poly(ethylene-co-butylene)-b-poly(ethylene oxide) diblock copolymer as well as a novel polyisobutylene-b-poly(ethylene oxide) as organic templates. All samples are highly crystalline and have ordered cubic pore-solid architectures after removal of the polymer template by calcination; however, the electrical conductivity is not identical. The films are characterized by a combination of small- and wide-angle X-ray diffraction/scattering, SEM/TEM imaging, and X-ray photoelectron spectroscopy. Resistivity measurements conducted on the mesoporous frameworks show that the electrical properties strongly depend on both the degree of crystallinity and the elemental makeup. Considerable enhancements of the electrical properties result when the films are doped with antimony and treated in N(2) at elevated temperatures. Such TCO materials show electrical resistivities which are--despite the mesoporous morphology--only 1 order of magnitude higher than reported values for dense Sb-doped SnO(2) films.",2009,ACS nano,dioxane,unspecified,unspecified,unspecified,unspecified,cosmetics product study,,
18512831,Phosphotungstic acid as a versatile catalyst for the synthesis of fragrance compounds by alpha-pinene oxide isomerization: solvent-induced chemoselectivity.,"The remarkable effect of the solvent on the catalytic performance of H3PW12O40, the strongest heteropoly acid in the Keggin series, allows direction of the transformations of alpha-pinene oxide (1) to either campholenic aldehyde (2), trans-carveol (3), trans-sobrerol (4 a), or pinol (5). Each of these expensive fragrance compounds was obtained in good to excellent yields by using an appropriate solvent. Solvent polarity and basicity strongly affect the reaction pathways: nonpolar nonbasic solvents favor the formation of aldehyde 2; polar basic solvents favor the formation of alcohol 3; whereas in polar weakly basic solvents, the major products are compounds 4 a and 5. On the other hand, in 1,4-dioxane, which is a nonpolar basic solvent, both aldehyde 2 and alcohol 3 are formed in comparable amounts. The use of very low catalyst loading (0.005-1 mol %) and the possibility of catalyst recovery and recycling without neutralization are significant advantages of this simple, environmentally benign, and low-cost method. This method represents the first example of the synthesis of isomers from alpha-pinene oxide, other than campholenic aldehyde, with a selectivity that is sufficient for practical usage.",2008,"Chemistry (Weinheim an der Bergstrasse, Germany)",dioxane,unspecified,unspecified,unspecified,unspecified,unclassified,,
18371826,Separation and determination of polyethylene glycol fatty acid esters in cosmetics by a reversed-phase HPLC/ELSD.,"A comprehensive analytical method was established for the separation of polyethylene glycol (PEG) stearates according to the distribution of ethylene oxide (EO) and subsequent determination of the surfactants in cosmetic samples by using a high-performance liquid chromatography-evaporative light scattering detection. Separation of the PEG stearates comprising approximately up to 82 EO adducts was performed on a reversed-phase YMC-Pack C(8) column using water-acetonitrile gradient elution. The PEG oligomers were separated in order of the increasing number of EO adducts. Quantitation of the PEG fatty acid esters, which was separated as single peak per each component, was performed by chromatography on a reversed-phase Wakosil 10 C(18) column using water-methanol gradient elution. The standard curve to quantify the PEG stearates was constructed by the log-log plot, which showed good linearity with the correlation coefficients (R(2)) 0.998 and more. Working range, repeatability, limit of detection and recovery were acceptable for analysis of the surfactants in cosmetic products. The analytical methods were applied to characterize the PEG stearates according to the EO distributions, then to quantify the surfactants in cosmetic products.",2008,Talanta,dioxane,unspecified,unspecified,unspecified,unspecified,cosmetics product study | analytical/method study,,
17520446,Influence of surfactant on the thermal behavior of marigold oil emulsions with liquid crystal phases.,"Vegetable oils have been largely consumed owing to the interest of pharmaceutical and cosmetic industries in using natural raw materials. The production of stable emulsions with vegetable oils challenges formulators due to its variability in composition and fatty acids constitution within batches produced. In the present work, it was studied that the influence of the size of carbon chain and the number of ethylene oxide moieties of the surfactant on the thermal behavior of eight emulsions prepared with marigold oil stabilized by liquid crystal phases. Differential scanning calorimetry (DSC) was used to determine the thermal behavior of the emulsions. The ratio of bound water was calculated, being between 29.0 and 42.0%, confirming the extension of the liquid-crystalline net in the external phase. Changing the lipophilic surfactant from Ceteth-2 to Steareth-2, there was an increase in the temperature of phase transition of the liquid crystal influencing the system stability. Calorimetric study is very useful in understanding the performance of liquid crystals with the increase of temperature and to estimate emulsions stability.",2007,Drug development and industrial pharmacy,dioxane,unspecified,unspecified,unspecified,unspecified,cosmetics product study | food/dietary exposure,,
16011869,Safety assessment on polyethylene glycols (PEGs) and their derivatives as used in cosmetic products.,"This assessment focusses on polyethylene glycols (PEGs) and on anionic or nonionic PEG derivatives, which are currently used in cosmetics in Europe. These compounds are used in a great variety of cosmetic applications because of their solubility and viscosity properties, and because of their low toxicity. The PEGs, their ethers, and their fatty acid esters produce little or no ocular or dermal irritation and have extremely low acute and chronic toxicities. They do not readily penetrate intact skin, and in view of the wide use of preparations containing PEG and PEG derivatives, only few case reports on sensitisation reactions have been published, mainly involving patients with exposure to PEGs in medicines or following exposure to injured or chronically inflamed skin. On healthy skin, the sensitising potential of these compounds appears to be negligible. For some representative substances of this class, information was available on reproductive and developmental toxicity, on genotoxicty and carcinogenic properties. Taking into consideration all available information from related compounds, as well as the mode and mechanism of action, no safety concern with regard to these endpoints could be identified. Based on the available data it is therefore concluded that PEGs of a wide molecular weight range (200 to over 10,000), their ethers (laureths. ceteths, ceteareths, steareths, and oleths), and fatty acid esters (laurates, dilaurates, stearates, distearates) are safe for use in cosmetics. Limited data were available for PEG sorbitan/sorbitol fatty acid esters, PEG sorbitan beeswax and PEG soy sterols. Taking into account all the information available for closely related compounds, it can be assumed that these compounds as presently used in cosmetic preparations will not present a risk for human health. PEG castor oils and PEG hydrogenated castor oils have caused anaphylactic reactions when used in intravenous medicinal products. Their topical use in cosmetics is, however, considered safe as they are not expected to be systemically available. As all PEGs and PEG derivatives, they must not be applied to damaged skin. Manufacturers of PEGs and PEG derivatives must continue their efforts to remove impurities and by-products such as ethylene oxide and 1,4-dioxane. Overall, it is concluded, that the PEGs covered in this review are safe for use in cosmetics under the present conditions of intended use.",2005,Toxicology,dioxane,skin | eye,carcinogenicity | developmental toxicity | genotoxicity,unspecified,unspecified,cosmetics product study | skin/topical study | clinical/hospital study,,
11763068,Two OPEEs (organic phase enzyme electrodes) used to check the percentage water content in hydrophobic foods and drugs.,"The development and optimization of an analytical method using enzymatic biosensors able to operate in organic solvents [organic phase enzyme electrodes (OPEEs)] for the determination of the water content in food fats (butter, margarine) or pharmaceutical or cosmetic ointments is described. The method is based on the increase in enzymatic activity which is related to the increase in the percentage water content in the organic phase into which the biosensor is dipped. The enzymes used to assemble the biosensors were tyrosinase or catalase, the substrates were phenol or p-cresol and tert-butyl hydroperoxide, respectively, and the organic solvents were acetonitrile or dioxane. A gas diffusion amperometric electrode for oxygen measurement was used as electrochemical transducer. The results were compared with those obtained applying the Karl Fischer method to the same food or drug matrices. The correlations among the two methods proved satisfactory, as the difference in the computed values of water content was never higher than 7%. Also, the precision of measurements was acceptable (RSD < 6%) in all the analyses of real matrices.",2001,The Analyst,dioxane,unspecified,unspecified,unspecified,unspecified,cosmetics product study | industrial/occupational | analytical/method study,,
11417628,"Occurrence of 1,4-dioxane in cosmetic raw materials and finished cosmetic products.","Surveys of cosmetic raw materials and finished products for the presence of the carcinogen 1,4-dioxane have been conducted by the U.S. Food and Drug Administration since 1979. Analytical methods are described for the determination of 1,4-dioxane in ethoxylated cosmetic raw materials and cosmetic finished products. 1,4-Dioxane was isolated by azeotropic atmospheric distillation and determined by gas chromatography using n-butanol as an internal standard. A solid-phase extraction procedure based on a previously published method for the determination of 1,4-dioxane in cosmetic finished products was also used. 1,4-Dioxane was found in ethoxylated raw materials at levels up to 1410 ppm, and at levels up to 279 ppm in cosmetic finished products. Levels of 1,4-dioxane in excess of 85 ppm in children's shampoos indicate that continued monitoring of raw materials and finished products is warranted.",2001,Journal of AOAC International,dioxane,unspecified,carcinogenicity,shampoo,unspecified,cosmetics product study | hair product study | epidemiological study | environmental contamination | analytical/method study,,
11140384,Analytical control of preservative labelling on skin creams.,"Contents of 23 preservatives (22 permitted and 1 non-permitted) were analysed in 67 skin creams to verify whether these products complied with the Cosmetic Directive with respect to ingredient labelling, as well as with respect to maximum allowed concentrations of the respective preservatives. The preservatives selected for the analysis were: parabens, 2-phenoxyethanol, benzoic acid, 4-hydroxybenzoic acid, sorbic acid, salicylic acid, formaldehyde and formaldehyde releasers, 3:1 mixture of 5-chloro-2-methyl-4-isothiazolin-2-one and 2-methyl-4-isothiazolin-2-one (Kathon CG), 2-bromo-2-nitropropane-1,3-diol (Bronopol), 5-bromo-2-nitro-1,3-dioxane (Bronidox) and methyldibromo glutaronitrile. 1 or more parabens were present in 87% (n=58) of the investigated products, 2-phenoxy ethanol in 49% (n=33) of the products, and formaldehyde/formaldehyde releasers were present in 51% (n=34) of the products. Kathon CG was found in 3 products, acid preservatives (except salicylic acid) in 8 products, Bronopol in 5 products, and methyldibromo glutaronitrile was present in 4 products. The contents of all of the target preservatives in the skin creams were within the maximum allowed concentrations of the respective substances. Incorrect ingredient labelling with respect to paraben content was found in 10% (n=7) of the investigated products, 33% (n= 22) of the products were not declared for the content of formaldehyde/formaldehyde releaser, and 7% (n=5) products were incorrectly labelled for the content of 2-phenoxyethanol. In 1 of the products containing Kathon CG, the ratio of 5-chloro-2-methyl-4-isothiazolin-2-one to 2-methyl-4-isothiazolin-2-one (1.4:1) was not correct. 4 of the 8 products containing acid preservatives were not labelled for the content of these substances. All in all, in 45% (n=30) of the investigated skin creams ingredient labelling was incorrect with respect to preservative contents. The proportion of incorrect labelling is reduced to 23% (n = 15), when the formaldehyde content in skin creams below 30 ppm is not accounted.",2000,Contact dermatitis,dioxane,skin,unspecified,moisturizer,salicylic acid | phenoxyethanol,cosmetics product study | skin/topical study,,
10767693,Follicular contact dermatitis due to polyoxyethylene laurylether.,"Polyoxyethylene laurylether, an addition polymer of lauryl alcohol and ethylene oxide, is used as an emulsifier in cosmetics. We report a case of follicular contact dermatitis after the use of polyoxyethylene laurylether that was contained in a cosmetic. A patch test with polyoxyethylene laurylether 1% petrolatum showed a follicular papular reaction. A use test for polyoxyethylene laurylether 1% petrolatum also produced follicular papules at 7 days.",2000,Journal of the American Academy of Dermatology,dioxane,unspecified,skin sensitization,unspecified,unspecified,cosmetics product study,,
